Country,Region,Year,Cases,Country_Code
Andorra,Europe,2023,0,AND
Anguilla,Americas,2023,0,AIA
Antigua and Barbuda,Americas,2023,0,ATG
Argentina,Americas,2023,0,ARG
Bahamas,Americas,2023,0,BHS
Barbados,Americas,2023,0,BRB
Belize,Americas,2023,0,BLZ
Bermuda,Americas,2023,0,BMU
Bolivia (Plurinational State of),Americas,2023,0,BOL
Brazil,Americas,2023,0,BRA
British Virgin Islands,Americas,2023,0,VGB
Bulgaria,Europe,2023,0,BGR
Cabo Verde,Africa,2023,0,CPV
Cayman Islands,Americas,2023,0,CYM
"China, Macao Special Administrative Region",Global,2023,0,MAC
Colombia,Americas,2023,0,COL
Cuba,Americas,2023,0,CUB
Cyprus,Europe,2023,0,CYP
Democratic People's Republic of Korea,South-East Asia,2023,0,PRK
Dominica,Americas,2023,0,DMA
Dominican Republic,Americas,2023,0,DOM
Ecuador,Americas,2023,0,ECU
El Salvador,Americas,2023,0,SLV
French Polynesia,Western Pacific,2023,0,PYF
Greece,Europe,2023,0,GRC
Grenada,Americas,2023,0,GRD
Guam,Western Pacific,2023,0,GUM
Guatemala,Americas,2023,0,GTM
Guyana,Americas,2023,0,GUY
Iceland,Europe,2023,0,ISL
Jamaica,Americas,2023,0,JAM
Luxembourg,Europe,2023,0,LUX
Malta,Europe,2023,0,MLT
Marshall Islands,Western Pacific,2023,0,MHL
Mauritius,Africa,2023,0,MUS
Mexico,Americas,2023,0,MEX
Monaco,Europe,2023,0,MCO
Mongolia,Western Pacific,2023,0,MNG
Montenegro,Europe,2023,0,MNE
Montserrat,Americas,2023,0,MSR
New Caledonia,Western Pacific,2023,0,NCL
Nicaragua,Americas,2023,0,NIC
Northern Mariana Islands,Western Pacific,2023,0,MNP
Palau,Western Pacific,2023,0,PLW
Paraguay,Americas,2023,0,PRY
Peru,Americas,2023,0,PER
Portugal,Europe,2023,0,PRT
Saint Kitts and Nevis,Americas,2023,0,KNA
Saint Lucia,Americas,2023,0,LCA
Samoa,Western Pacific,2023,0,WSM
San Marino,Europe,2023,0,SMR
Seychelles,Africa,2023,0,SYC
Solomon Islands,Western Pacific,2023,0,SLB
Suriname,Americas,2023,0,SUR
Trinidad and Tobago,Americas,2023,0,TTO
Turkmenistan,Europe,2023,0,TKM
Turks and Caicos Islands,Americas,2023,0,TCA
Uruguay,Americas,2023,0,URY
Vanuatu,Western Pacific,2023,0,VUT
Venezuela (Bolivarian Republic of),Americas,2023,0,VEN
Brunei Darussalam,Western Pacific,2023,1,BRN
Chile,Americas,2023,1,CHL
Costa Rica,Americas,2023,1,CRI
Czechia,Europe,2023,1,CZE
Finland,Europe,2023,1,FIN
Hungary,Europe,2023,1,HUN
Latvia,Europe,2023,1,LVA
Micronesia (Federated States of),Western Pacific,2023,1,FSM
North Macedonia,Europe,2023,1,MKD
Slovenia,Europe,2023,1,SVN
Bhutan,South-East Asia,2023,10,BTN
Tunisia,Eastern Mediterranean,2023,10,TUN
South Africa,Africa,2023,1033,ZAF
Rwanda,Africa,2023,108,RWA
Cambodia,Western Pacific,2023,11,KHM
Sweden,Europe,2023,11,SWE
Gabon,Africa,2023,1167,GAB
France,Europe,2023,117,FRA
Uzbekistan,Europe,2023,1176,UZB
Canada,Americas,2023,12,CAN
Papua New Guinea,Western Pacific,2023,12,PNG
Tonga,Western Pacific,2023,12,TON
Qatar,Eastern Mediterranean,2023,127,QAT
Albania,Europe,2023,13,ALB
Bosnia and Herzegovina,Europe,2023,13,BIH
Cote d'Ivoire,Africa,2023,1361,CIV
Sudan,Eastern Mediterranean,2023,1377,SDN
Myanmar,South-East Asia,2023,15,MMR
Spain,Europe,2023,15,ESP
Burundi,Africa,2023,1684,BDI
Lesotho,Africa,2023,17,LSO
Niger,Africa,2023,1708,NER
Malawi,Africa,2023,173,MWI
Austria,Europe,2023,186,AUT
Belarus,Europe,2023,193,BLR
Lao People's Democratic Republic,Western Pacific,2023,2,LAO
Norway,Europe,2023,2,NOR
Malaysia,Western Pacific,2023,2002,MYS
Algeria,Africa,2023,203,DZA
Saudi Arabia,Eastern Mediterranean,2023,2254,SAU
Ghana,Africa,2023,2282,GHA
Oman,Eastern Mediterranean,2023,25,OMN
Libya,Eastern Mediterranean,2023,257,LBY
Australia,Western Pacific,2023,26,AUS
Egypt,Eastern Mediterranean,2023,267,EGY
Equatorial Guinea,Africa,2023,270,GNQ
Afghanistan,Eastern Mediterranean,2023,2792,AFG
Bangladesh,South-East Asia,2023,281,BGD
United Republic of Tanzania,Africa,2023,2887,TZA
Philippines,Western Pacific,2023,2892,PHL
Tajikistan,Europe,2023,294,TJK
Bahrain,Eastern Mediterranean,2023,3,BHR
Croatia,Europe,2023,3,HRV
Eswatini,Africa,2023,3,SWZ
Lithuania,Europe,2023,3,LTU
"occupied Palestinian territory, including east Jerusalem",Eastern Mediterranean,2023,3,PSE
Republic of Moldova,Europe,2023,3,MDA
Somalia,Eastern Mediterranean,2023,3167,SOM
Mauritania,Africa,2023,339,MRT
Lebanon,Eastern Mediterranean,2023,346,LBN
Angola,Africa,2023,3508,AGO
Madagascar,Africa,2023,355,MDG
Mali,Africa,2023,364,MLI
Romania,Europe,2023,3677,ROU
Gambia,Africa,2023,38,GMB
Central African Republic,Africa,2023,3841,CAF
Congo,Africa,2023,385,COG
Georgia,Europe,2023,39,GEO
Uganda,Africa,2023,399,UGA
"China, Hong Kong Special Administrative Region",Global,2023,4,HKG
Estonia,Europe,2023,4,EST
Ireland,Europe,2023,4,IRL
Namibia,Africa,2023,42,NAM
Viet Nam,Western Pacific,2023,43,VNM
Djibouti,Eastern Mediterranean,2023,446,DJI
Liberia,Africa,2023,4604,LBR
Benin,Africa,2023,478,BEN
United Arab Emirates,Eastern Mediterranean,2023,484,ARE
United Kingdom of Great Britain and Northern Ireland,Europe,2023,493,GBR
Guinea-Bissau,Africa,2023,5,GNB
Maldives,South-East Asia,2023,5,MDV
Serbia,Europe,2023,50,SRB
Comoros,Africa,2023,51,COM
Switzerland,Europe,2023,52,CHE
Eritrea,Africa,2023,54,ERI
Zimbabwe,Africa,2023,5532,ZWE
Armenia,Europe,2023,554,ARM
Senegal,Africa,2023,564,SEN
Zambia,Africa,2023,5653,ZMB
Kuwait,Eastern Mediterranean,2023,6,KWT
Slovakia,Europe,2023,6,SVK
Cameroon,Africa,2023,6105,CMR
China,Western Pacific,2023,621,CHN
Botswana,Africa,2023,63,BWA
Thailand,South-East Asia,2023,64,THA
Sierra Leone,Africa,2023,645,SLE
Iran (Islamic Republic of),Eastern Mediterranean,2023,648,IRN
Mozambique,Africa,2023,656,MOZ
Ukraine,Europe,2023,66,UKR
Belgium,Europe,2023,67,BEL
Burkina Faso,Africa,2023,680,BFA
Togo,Africa,2023,686,TGO
Netherlands (Kingdom of the),Europe,2023,7,NLD
Republic of Korea,Western Pacific,2023,7,KOR
Timor-Leste,South-East Asia,2023,7,TLS
Kyrgyzstan,Europe,2023,7046,KGZ
Syrian Arab Republic,Eastern Mediterranean,2023,744,SYR
Germany,Europe,2023,79,DEU
South Sudan,Africa,2023,7957,SSD
Sri Lanka,South-East Asia,2023,810,LKA
Kenya,Africa,2023,896,KEN
Denmark,Europe,2023,9,DNK
Guinea,Africa,2023,94,GIN
Nepal,South-East Asia,2023,963,NPL
Andorra,Europe,2022,0,AND
Anguilla,Americas,2022,0,AIA
Antigua and Barbuda,Americas,2022,0,ATG
Armenia,Europe,2022,0,ARM
Aruba,Americas,2022,0,ABW
Bahamas,Americas,2022,0,BHS
Barbados,Americas,2022,0,BRB
Belarus,Europe,2022,0,BLR
Belize,Americas,2022,0,BLZ
Bermuda,Americas,2022,0,BMU
Bolivia (Plurinational State of),Americas,2022,0,BOL
British Virgin Islands,Americas,2022,0,VGB
Brunei Darussalam,Western Pacific,2022,0,BRN
Cabo Verde,Africa,2022,0,CPV
Cayman Islands,Americas,2022,0,CYM
Chile,Americas,2022,0,CHL
"China, Macao Special Administrative Region",Global,2022,0,MAC
Colombia,Americas,2022,0,COL
Costa Rica,Americas,2022,0,CRI
Croatia,Europe,2022,0,HRV
Cuba,Americas,2022,0,CUB
Cyprus,Europe,2022,0,CYP
Czechia,Europe,2022,0,CZE
Democratic People's Republic of Korea,South-East Asia,2022,0,PRK
Denmark,Europe,2022,0,DNK
Dominica,Americas,2022,0,DMA
Dominican Republic,Americas,2022,0,DOM
Ecuador,Americas,2022,0,ECU
El Salvador,Americas,2022,0,SLV
Estonia,Europe,2022,0,EST
Finland,Europe,2022,0,FIN
French Polynesia,Western Pacific,2022,0,PYF
Greece,Europe,2022,0,GRC
Grenada,Americas,2022,0,GRD
Guatemala,Americas,2022,0,GTM
Guyana,Americas,2022,0,GUY
Haiti,Americas,2022,0,HTI
Hungary,Europe,2022,0,HUN
Iceland,Europe,2022,0,ISL
Jamaica,Americas,2022,0,JAM
Kosovo (in accordance with UN Security Council resolution 1244 (1999)),Global,2022,0,XKX
Lao People's Democratic Republic,Western Pacific,2022,0,LAO
Latvia,Europe,2022,0,LVA
Lithuania,Europe,2022,0,LTU
Luxembourg,Europe,2022,0,LUX
Maldives,South-East Asia,2022,0,MDV
Malta,Europe,2022,0,MLT
Mauritius,Africa,2022,0,MUS
Mexico,Americas,2022,0,MEX
Montenegro,Europe,2022,0,MNE
Montserrat,Americas,2022,0,MSR
New Caledonia,Western Pacific,2022,0,NCL
New Zealand,Western Pacific,2022,0,NZL
Nicaragua,Americas,2022,0,NIC
Niue,Western Pacific,2022,0,NIU
North Macedonia,Europe,2022,0,MKD
Palau,Western Pacific,2022,0,PLW
Panama,Americas,2022,0,PAN
Peru,Americas,2022,0,PER
Portugal,Europe,2022,0,PRT
Saint Kitts and Nevis,Americas,2022,0,KNA
Saint Lucia,Americas,2022,0,LCA
Saint Vincent and the Grenadines,Americas,2022,0,VCT
Samoa,Western Pacific,2022,0,WSM
San Marino,Europe,2022,0,SMR
Serbia,Europe,2022,0,SRB
Seychelles,Africa,2022,0,SYC
Slovakia,Europe,2022,0,SVK
Slovenia,Europe,2022,0,SVN
Sri Lanka,South-East Asia,2022,0,LKA
Suriname,Americas,2022,0,SUR
Turkmenistan,Europe,2022,0,TKM
Turks and Caicos Islands,Americas,2022,0,TCA
Uruguay,Americas,2022,0,URY
Vanuatu,Western Pacific,2022,0,VUT
Albania,Europe,2022,1,ALB
Austria,Europe,2022,1,AUT
Azerbaijan,Europe,2022,1,AZE
Botswana,Africa,2022,1,BWA
Bulgaria,Europe,2022,1,BGR
Micronesia (Federated States of),Western Pacific,2022,1,FSM
Norway,Europe,2022,1,NOR
Paraguay,Americas,2022,1,PRY
Qatar,Eastern Mediterranean,2022,1,QAT
Spain,Europe,2022,1,ESP
Switzerland,Europe,2022,1,CHE
Myanmar,South-East Asia,2022,10,MMR
Russian Federation,Europe,2022,102,RUS
Türkiye,Europe,2022,103,TUR
Mozambique,Africa,2022,1047,MOZ
Tunisia,Eastern Mediterranean,2022,11,TUN
Ukraine,Europe,2022,11,UKR
Iraq,Eastern Mediterranean,2022,12,IRQ
Gabon,Africa,2022,1293,GAB
Cambodia,Western Pacific,2022,13,KHM
Nepal,South-East Asia,2022,130,NPL
Egypt,Eastern Mediterranean,2022,14,EGY
France,Europe,2022,15,FRA
Italy,Europe,2022,15,ITA
Central African Republic,Africa,2022,155,CAF
Cote d'Ivoire,Africa,2022,1596,CIV
Romania,Europe,2022,17,ROU
Zambia,Africa,2022,1755,ZMB
Kenya,Africa,2022,1774,KEN
Bahrain,Eastern Mediterranean,2022,18,BHR
Argentina,Americas,2022,2,ARG
Ireland,Europe,2022,2,IRL
Papua New Guinea,Western Pacific,2022,2,PNG
Djibouti,Eastern Mediterranean,2022,206,DJI
Malaysia,Western Pacific,2022,209,MYS
Burundi,Africa,2022,212,BDI
Guinea-Bissau,Africa,2022,213,GNB
Chad,Africa,2022,2158,TCD
Syrian Arab Republic,Eastern Mediterranean,2022,217,SYR
Viet Nam,Western Pacific,2022,23,VNM
Iran (Islamic Republic of),Eastern Mediterranean,2022,230,IRN
Saudi Arabia,Eastern Mediterranean,2022,247,SAU
Burkina Faso,Africa,2022,252,BFA
Poland,Europe,2022,27,POL
Eritrea,Africa,2022,28,ERI
Malawi,Africa,2022,29,MWI
Rwanda,Africa,2022,29,RWA
Canada,Americas,2022,3,CAN
"China, Hong Kong Special Administrative Region",Global,2022,3,HKG
Lesotho,Africa,2022,3,LSO
Namibia,Africa,2022,31,NAM
Bangladesh,South-East Asia,2022,311,BGD
Libya,Eastern Mediterranean,2022,32,LBY
Cameroon,Africa,2022,3217,CMR
Angola,Africa,2022,3271,AGO
South Sudan,Africa,2022,3608,SSD
Ghana,Africa,2022,395,GHA
Comoros,Africa,2022,4,COM
Kazakhstan,Europe,2022,4,KAZ
South Africa,Africa,2022,400,ZAF
Brazil,Americas,2022,41,BRA
Guinea,Africa,2022,417,GIN
Democratic Republic of the Congo,Africa,2022,4380,COD
Tajikistan,Europe,2022,454,TJK
Benin,Africa,2022,455,BEN
Jordan,Eastern Mediterranean,2022,457,JOR
Mongolia,Western Pacific,2022,46,MNG
Algeria,Africa,2022,47,DZA
Equatorial Guinea,Africa,2022,49,GNQ
Oman,Eastern Mediterranean,2022,5,OMN
Sweden,Europe,2022,5,SWE
Senegal,Africa,2022,508,SEN
Afghanistan,Eastern Mediterranean,2022,5166,AFG
Uganda,Africa,2022,52,UGA
China,Western Pacific,2022,552,CHN
Zimbabwe,Africa,2022,5532,ZWE
Gambia,Africa,2022,58,GMB
Philippines,Western Pacific,2022,589,PHL
Bosnia and Herzegovina,Europe,2022,6,BIH
Netherlands (Kingdom of the),Europe,2022,6,NLD
United Republic of Tanzania,Africa,2022,612,TZA
United Kingdom of Great Britain and Northern Ireland,Europe,2022,63,GBR
Eswatini,Africa,2022,64,SWZ
Thailand,South-East Asia,2022,64,THA
Congo,Africa,2022,6718,COG
Australia,Western Pacific,2022,7,AUS
Bhutan,South-East Asia,2022,7,BTN
Kuwait,Eastern Mediterranean,2022,7,KWT
Uzbekistan,Europe,2022,7,UZB
Togo,Africa,2022,722,TGO
Sierra Leone,Africa,2022,731,SLE
Mali,Africa,2022,765,MLI
Indonesia,South-East Asia,2022,7704,IDN
Belgium,Europe,2022,8,BEL
Timor-Leste,South-East Asia,2022,8,TLS
Madagascar,Africa,2022,80,MDG
Liberia,Africa,2022,8300,LBR
Pakistan,Eastern Mediterranean,2022,8378,PAK
Ethiopia,Africa,2022,9292,ETH
Mauritania,Africa,2022,96,MRT
United Arab Emirates,Eastern Mediterranean,2022,98,ARE
Andorra,Europe,2021,0,AND
Anguilla,Americas,2021,0,AIA
Antigua and Barbuda,Americas,2021,0,ATG
Argentina,Americas,2021,0,ARG
Armenia,Europe,2021,0,ARM
Aruba,Americas,2021,0,ABW
Australia,Western Pacific,2021,0,AUS
Azerbaijan,Europe,2021,0,AZE
Bahamas,Americas,2021,0,BHS
Bahrain,Eastern Mediterranean,2021,0,BHR
Barbados,Americas,2021,0,BRB
Belize,Americas,2021,0,BLZ
Bermuda,Americas,2021,0,BMU
Bolivia (Plurinational State of),Americas,2021,0,BOL
Botswana,Africa,2021,0,BWA
British Virgin Islands,Americas,2021,0,VGB
Brunei Darussalam,Western Pacific,2021,0,BRN
Bulgaria,Europe,2021,0,BGR
Cabo Verde,Africa,2021,0,CPV
Canada,Americas,2021,0,CAN
Cayman Islands,Americas,2021,0,CYM
Chile,Americas,2021,0,CHL
"China, Macao Special Administrative Region",Global,2021,0,MAC
Colombia,Americas,2021,0,COL
Comoros,Africa,2021,0,COM
Costa Rica,Americas,2021,0,CRI
Croatia,Europe,2021,0,HRV
Cuba,Americas,2021,0,CUB
Czechia,Europe,2021,0,CZE
Denmark,Europe,2021,0,DNK
Djibouti,Eastern Mediterranean,2021,0,DJI
Dominica,Americas,2021,0,DMA
Dominican Republic,Americas,2021,0,DOM
Ecuador,Americas,2021,0,ECU
Egypt,Eastern Mediterranean,2021,0,EGY
El Salvador,Americas,2021,0,SLV
Estonia,Europe,2021,0,EST
French Polynesia,Western Pacific,2021,0,PYF
Gambia,Africa,2021,0,GMB
Greece,Europe,2021,0,GRC
Guatemala,Americas,2021,0,GTM
Guyana,Americas,2021,0,GUY
Haiti,Americas,2021,0,HTI
Honduras,Americas,2021,0,HND
Hungary,Europe,2021,0,HUN
Iceland,Europe,2021,0,ISL
Ireland,Europe,2021,0,IRL
Israel,Europe,2021,0,ISR
Jamaica,Americas,2021,0,JAM
Latvia,Europe,2021,0,LVA
Lithuania,Europe,2021,0,LTU
Luxembourg,Europe,2021,0,LUX
Maldives,South-East Asia,2021,0,MDV
Marshall Islands,Western Pacific,2021,0,MHL
Mauritius,Africa,2021,0,MUS
Mexico,Americas,2021,0,MEX
Monaco,Europe,2021,0,MCO
Montenegro,Europe,2021,0,MNE
Montserrat,Americas,2021,0,MSR
Netherlands (Kingdom of the),Europe,2021,0,NLD
New Zealand,Western Pacific,2021,0,NZL
Nicaragua,Americas,2021,0,NIC
Norway,Europe,2021,0,NOR
Oman,Eastern Mediterranean,2021,0,OMN
Panama,Americas,2021,0,PAN
Papua New Guinea,Western Pacific,2021,0,PNG
Paraguay,Americas,2021,0,PRY
Peru,Americas,2021,0,PER
Portugal,Europe,2021,0,PRT
Republic of Korea,Western Pacific,2021,0,KOR
Republic of Moldova,Europe,2021,0,MDA
Saint Kitts and Nevis,Americas,2021,0,KNA
Saint Lucia,Americas,2021,0,LCA
Saint Vincent and the Grenadines,Americas,2021,0,VCT
Samoa,Western Pacific,2021,0,WSM
San Marino,Europe,2021,0,SMR
Sao Tome and Principe,Africa,2021,0,STP
Seychelles,Africa,2021,0,SYC
Slovakia,Europe,2021,0,SVK
Slovenia,Europe,2021,0,SVN
Suriname,Americas,2021,0,SUR
Sweden,Europe,2021,0,SWE
Switzerland,Europe,2021,0,CHE
Trinidad and Tobago,Americas,2021,0,TTO
Turkmenistan,Europe,2021,0,TKM
Turks and Caicos Islands,Americas,2021,0,TCA
United Republic of Tanzania,Africa,2021,0,TZA
Uruguay,Americas,2021,0,URY
Uzbekistan,Europe,2021,0,UZB
Vanuatu,Western Pacific,2021,0,VUT
Venezuela (Bolivarian Republic of),Americas,2021,0,VEN
Austria,Europe,2021,1,AUT
"China, Hong Kong Special Administrative Region",Global,2021,1,HKG
Cyprus,Europe,2021,1,CYP
Kiribati,Western Pacific,2021,1,KIR
Malta,Europe,2021,1,MLT
North Macedonia,Europe,2021,1,MKD
Qatar,Eastern Mediterranean,2021,1,QAT
Russian Federation,Europe,2021,1,RUS
Serbia,Europe,2021,1,SRB
Tajikistan,Europe,2021,10,TJK
Iran (Islamic Republic of),Eastern Mediterranean,2021,103,IRN
"occupied Palestinian territory, including east Jerusalem",Eastern Mediterranean,2021,11,PSE
Syrian Arab Republic,Eastern Mediterranean,2021,11,SYR
Malaysia,Western Pacific,2021,128,MYS
Poland,Europe,2021,13,POL
Gabon,Africa,2021,134,GAB
United States of America,Americas,2021,14,USA
Nepal,South-East Asia,2021,143,NPL
France,Europe,2021,16,FRA
Ukraine,Europe,2021,16,UKR
Congo,Africa,2021,160,COG
Viet Nam,Western Pacific,2021,162,VNM
Sierra Leone,Africa,2021,170,SLE
Cote d'Ivoire,Africa,2021,1837,CIV
Senegal,Africa,2021,187,SEN
Ethiopia,Africa,2021,1953,ETH
Iraq,Eastern Mediterranean,2021,197,IRQ
Kazakhstan,Europe,2021,2,KAZ
Lao People's Democratic Republic,Western Pacific,2021,2,LAO
Romania,Europe,2021,2,ROU
Spain,Europe,2021,2,ESP
United Kingdom of Great Britain and Northern Ireland,Europe,2021,2,GBR
Bangladesh,South-East Asia,2021,203,BGD
Philippines,Western Pacific,2021,206,PHL
Mali,Africa,2021,2074,MLI
South Africa,Africa,2021,21,ZAF
Mauritania,Africa,2021,249,MRT
Eritrea,Africa,2021,25,ERI
Liberia,Africa,2021,250,LBR
Chad,Africa,2021,2577,TCD
Kenya,Africa,2021,266,KEN
Zimbabwe,Africa,2021,282,ZWE
Central African Republic,Africa,2021,286,CAF
Eswatini,Africa,2021,29,SWZ
Afghanistan,Eastern Mediterranean,2021,2900,AFG
Belarus,Europe,2021,3,BLR
Finland,Europe,2021,3,FIN
Kuwait,Eastern Mediterranean,2021,3,KWT
Kyrgyzstan,Europe,2021,3,KGZ
Angola,Africa,2021,300,AGO
Saudi Arabia,Eastern Mediterranean,2021,338,SAU
Benin,Africa,2021,35,BEN
United Arab Emirates,Eastern Mediterranean,2021,35,ARE
Lesotho,Africa,2021,368,LSO
Burundi,Africa,2021,369,BDI
Indonesia,South-East Asia,2021,394,IDN
Namibia,Africa,2021,4,NAM
Rwanda,Africa,2021,40,RWA
Equatorial Guinea,Africa,2021,43,GNQ
Madagascar,Africa,2021,44,MDG
Yemen,Eastern Mediterranean,2021,4904,YEM
Cambodia,Western Pacific,2021,5,KHM
Georgia,Europe,2021,5,GEO
Malawi,Africa,2021,5,MWI
Guinea,Africa,2021,505,GIN
Ghana,Africa,2021,52,GHA
Zambia,Africa,2021,55,ZMB
China,Western Pacific,2021,554,CHN
India,South-East Asia,2021,5700,IND
Japan,Western Pacific,2021,6,JPN
Uganda,Africa,2021,606,UGA
Mozambique,Africa,2021,619,MOZ
Brazil,Americas,2021,668,BRA
Belgium,Europe,2021,7,BEL
Tunisia,Eastern Mediterranean,2021,7,TUN
Somalia,Eastern Mediterranean,2021,7191,SOM
Cameroon,Africa,2021,771,CMR
Myanmar,South-East Asia,2021,8,MMR
Togo,Africa,2021,82,TGO
Italy,Europe,2021,9,ITA
Niger,Africa,2021,9271,NER
Andorra,Europe,2020,0,AND
Anguilla,Americas,2020,0,AIA
Antigua and Barbuda,Americas,2020,0,ATG
Armenia,Europe,2020,0,ARM
Bahamas,Americas,2020,0,BHS
Bahrain,Eastern Mediterranean,2020,0,BHR
Barbados,Americas,2020,0,BRB
Belarus,Europe,2020,0,BLR
Belize,Americas,2020,0,BLZ
Bermuda,Americas,2020,0,BMU
Brunei Darussalam,Western Pacific,2020,0,BRN
Cayman Islands,Americas,2020,0,CYM
"China, Macao Special Administrative Region",Global,2020,0,MAC
Comoros,Africa,2020,0,COM
Costa Rica,Americas,2020,0,CRI
Croatia,Europe,2020,0,HRV
Cuba,Americas,2020,0,CUB
Democratic People's Republic of Korea,South-East Asia,2020,0,PRK
Dominica,Americas,2020,0,DMA
Dominican Republic,Americas,2020,0,DOM
Ecuador,Americas,2020,0,ECU
El Salvador,Americas,2020,0,SLV
Estonia,Europe,2020,0,EST
French Polynesia,Western Pacific,2020,0,PYF
Grenada,Americas,2020,0,GRD
Guatemala,Americas,2020,0,GTM
Guyana,Americas,2020,0,GUY
Haiti,Americas,2020,0,HTI
Honduras,Americas,2020,0,HND
Hungary,Europe,2020,0,HUN
Iceland,Europe,2020,0,ISL
Jamaica,Americas,2020,0,JAM
Jordan,Eastern Mediterranean,2020,0,JOR
Kiribati,Western Pacific,2020,0,KIR
Latvia,Europe,2020,0,LVA
Luxembourg,Europe,2020,0,LUX
Mauritania,Africa,2020,0,MRT
Mongolia,Western Pacific,2020,0,MNG
Nicaragua,Americas,2020,0,NIC
North Macedonia,Europe,2020,0,MKD
Panama,Americas,2020,0,PAN
Paraguay,Americas,2020,0,PRY
Peru,Americas,2020,0,PER
Saint Kitts and Nevis,Americas,2020,0,KNA
Saint Lucia,Americas,2020,0,LCA
Saint Vincent and the Grenadines,Americas,2020,0,VCT
San Marino,Europe,2020,0,SMR
Slovakia,Europe,2020,0,SVK
Suriname,Americas,2020,0,SUR
Trinidad and Tobago,Americas,2020,0,TTO
Turks and Caicos Islands,Americas,2020,0,TCA
Vanuatu,Western Pacific,2020,0,VUT
Venezuela (Bolivarian Republic of),Americas,2020,0,VEN
Canada,Americas,2020,1,CAN
"China, Hong Kong Special Administrative Region",Global,2020,1,HKG
Colombia,Americas,2020,1,COL
Cyprus,Europe,2020,1,CYP
Eswatini,Africa,2020,1,SWZ
Portugal,Europe,2020,10,PRT
"occupied Palestinian territory, including east Jerusalem",Eastern Mediterranean,2020,1001,PSE
Romania,Europe,2020,1004,ROU
Italy,Europe,2020,103,ITA
Rwanda,Africa,2020,108,RWA
Angola,Africa,2020,1085,AGO
Samoa,Western Pacific,2020,11,WSM
Eritrea,Africa,2020,12,ERI
Japan,Western Pacific,2020,12,JPN
Russian Federation,Europe,2020,1212,RUS
United Republic of Tanzania,Africa,2020,127,TZA
United States of America,Americas,2020,1275,USA
South Sudan,Africa,2020,1290,SSD
Lao People's Democratic Republic,Western Pacific,2020,138,LAO
Ireland,Europe,2020,15,IRL
Lebanon,Eastern Mediterranean,2020,15,LBN
Maldives,South-East Asia,2020,15,MDV
Syrian Arab Republic,Eastern Mediterranean,2020,15,SYR
Cameroon,Africa,2020,1509,CMR
Sierra Leone,Africa,2020,17,SLE
Burundi,Africa,2020,1700,BDI
Benin,Africa,2020,18,BEN
Ethiopia,Africa,2020,1952,ETH
Mexico,Americas,2020,196,MEX
Azerbaijan,Europe,2020,2,AZE
Bolivia (Plurinational State of),Americas,2020,2,BOL
Chile,Americas,2020,2,CHL
Lithuania,Europe,2020,2,LTU
Malta,Europe,2020,2,MLT
Netherlands (Kingdom of the),Europe,2020,2,NLD
Sri Lanka,South-East Asia,2020,2,LKA
Timor-Leste,South-East Asia,2020,2,TLS
Uruguay,Americas,2020,2,URY
Georgia,Europe,2020,20,GEO
Tunisia,Eastern Mediterranean,2020,20,TUN
Senegal,Africa,2020,212,SEN
Chad,Africa,2020,2170,TCD
Guinea-Bissau,Africa,2020,22,GNB
Zambia,Africa,2020,237,ZMB
France,Europe,2020,240,FRA
Bangladesh,South-East Asia,2020,2410,BGD
Burkina Faso,Africa,2020,2480,BFA
Australia,Western Pacific,2020,25,AUS
Austria,Europe,2020,25,AUT
Somalia,Eastern Mediterranean,2020,2531,SOM
Bulgaria,Europe,2020,257,BGR
Ukraine,Europe,2020,264,UKR
Seychelles,Africa,2020,27,SYC
Pakistan,Eastern Mediterranean,2020,2747,PAK
Niger,Africa,2020,2754,NER
Poland,Europe,2020,29,POL
Yemen,Eastern Mediterranean,2020,298,YEM
Egypt,Eastern Mediterranean,2020,3,EGY
Greece,Europe,2020,3,GRC
Qatar,Eastern Mediterranean,2020,3,QAT
Zimbabwe,Africa,2020,3,ZWE
Uganda,Africa,2020,314,UGA
Kazakhstan,Europe,2020,3270,KAZ
Central African Republic,Africa,2020,3433,CAF
Saudi Arabia,Eastern Mediterranean,2020,35,SAU
Congo,Africa,2020,37,COG
Switzerland,Europe,2020,37,CHE
Cambodia,Western Pacific,2020,379,KHM
Philippines,Western Pacific,2020,3832,PHL
Nepal,South-East Asia,2020,388,NPL
Lesotho,Africa,2020,39,LSO
Albania,Europe,2020,4,ALB
Czechia,Europe,2020,4,CZE
Denmark,Europe,2020,4,DNK
Finland,Europe,2020,4,FIN
Iran (Islamic Republic of),Eastern Mediterranean,2020,4,IRN
Norway,Europe,2020,4,NOR
Papua New Guinea,Western Pacific,2020,4,PNG
South Africa,Africa,2020,40,ZAF
Sudan,Eastern Mediterranean,2020,401,SDN
Uzbekistan,Europe,2020,4103,UZB
Mozambique,Africa,2020,426,MOZ
Myanmar,South-East Asia,2020,444,MMR
Belgium,Europe,2020,47,BEL
Malaysia,Western Pacific,2020,478,MYS
Mali,Africa,2020,498,MLI
Botswana,Africa,2020,5,BWA
Namibia,Africa,2020,5,NAM
Sweden,Europe,2020,5,SWE
United Arab Emirates,Eastern Mediterranean,2020,50,ARE
Guinea,Africa,2020,506,GIN
Indonesia,South-East Asia,2020,524,IDN
Equatorial Guinea,Africa,2020,53,GNQ
India,South-East Asia,2020,5604,IND
Kenya,Africa,2020,597,KEN
Israel,Europe,2020,6,ISR
Republic of Korea,Western Pacific,2020,6,KOR
Slovenia,Europe,2020,6,SVN
Cote d'Ivoire,Africa,2020,600,CIV
Afghanistan,Eastern Mediterranean,2020,640,AFG
Argentina,Americas,2020,69,ARG
New Zealand,Western Pacific,2020,7,NZL
Oman,Eastern Mediterranean,2020,7,OMN
Germany,Europe,2020,76,DEU
Malawi,Africa,2020,76,MWI
Madagascar,Africa,2020,777,MDG
Brazil,Americas,2020,8448,BRA
Viet Nam,Western Pacific,2020,846,VNM
China,Western Pacific,2020,867,CHN
Ghana,Africa,2020,88,GHA
Liberia,Africa,2020,884,LBR
Nigeria,Africa,2020,8877,NGA
Spain,Europe,2020,89,ESP
Gabon,Africa,2020,9,GAB
Togo,Africa,2020,91,TGO
United Kingdom of Great Britain and Northern Ireland,Europe,2020,95,GBR
Andorra,Europe,2019,0,AND
Anguilla,Americas,2019,0,AIA
Antigua and Barbuda,Americas,2019,0,ATG
Barbados,Americas,2019,0,BRB
Belize,Americas,2019,0,BLZ
Bermuda,Americas,2019,0,BMU
Bolivia (Plurinational State of),Americas,2019,0,BOL
Botswana,Africa,2019,0,BWA
British Virgin Islands,Americas,2019,0,VGB
Cabo Verde,Africa,2019,0,CPV
Cook Islands,Western Pacific,2019,0,COK
Cuba,Americas,2019,0,CUB
Dominica,Americas,2019,0,DMA
Dominican Republic,Americas,2019,0,DOM
Ecuador,Americas,2019,0,ECU
Egypt,Eastern Mediterranean,2019,0,EGY
El Salvador,Americas,2019,0,SLV
Equatorial Guinea,Africa,2019,0,GNQ
Eswatini,Africa,2019,0,SWZ
Grenada,Americas,2019,0,GRD
Guam,Western Pacific,2019,0,GUM
Guatemala,Americas,2019,0,GTM
Guyana,Americas,2019,0,GUY
Haiti,Americas,2019,0,HTI
Honduras,Americas,2019,0,HND
Jamaica,Americas,2019,0,JAM
Maldives,South-East Asia,2019,0,MDV
Mexico,Americas,2019,0,MEX
Micronesia (Federated States of),Western Pacific,2019,0,FSM
Montenegro,Europe,2019,0,MNE
Montserrat,Americas,2019,0,MSR
Nauru,Western Pacific,2019,0,NRU
Nicaragua,Americas,2019,0,NIC
Niue,Western Pacific,2019,0,NIU
Northern Mariana Islands,Western Pacific,2019,0,MNP
Oman,Eastern Mediterranean,2019,0,OMN
Panama,Americas,2019,0,PAN
Paraguay,Americas,2019,0,PRY
Saint Kitts and Nevis,Americas,2019,0,KNA
Saint Lucia,Americas,2019,0,LCA
Saint Vincent and the Grenadines,Americas,2019,0,VCT
Sao Tome and Principe,Africa,2019,0,STP
Seychelles,Africa,2019,0,SYC
Suriname,Americas,2019,0,SUR
Tokelau,Western Pacific,2019,0,TKL
Trinidad and Tobago,Americas,2019,0,TTO
Turkmenistan,Europe,2019,0,TKM
Turks and Caicos Islands,Americas,2019,0,TCA
Tuvalu,Western Pacific,2019,0,TUV
Vanuatu,Western Pacific,2019,0,VUT
Aruba,Americas,2019,1,ABW
Brunei Darussalam,Western Pacific,2019,1,BRN
Curaçao,Americas,2019,1,CUW
Gambia,Africa,2019,1,GMB
Monaco,Europe,2019,1,MCO
Papua New Guinea,Western Pacific,2019,1,PNG
Costa Rica,Americas,2019,10,CRI
Portugal,Europe,2019,10,PRT
Saudi Arabia,Eastern Mediterranean,2019,1035,SAU
Lebanon,Eastern Mediterranean,2019,1047,LBN
Malaysia,Western Pacific,2019,1077,MYS
United Kingdom of Great Britain and Northern Ireland,Europe,2019,1092,GBR
Chile,Americas,2019,11,CHL
Lao People's Democratic Republic,Western Pacific,2019,1119,LAO
Burundi,Africa,2019,112,BDI
Canada,Americas,2019,113,CAN
Israel,Europe,2019,1139,ISR
Yemen,Eastern Mediterranean,2019,1161,YEM
Finland,Europe,2019,12,FIN
Kuwait,Eastern Mediterranean,2019,12,KWT
Namibia,Africa,2019,12,NAM
San Marino,Europe,2019,12,SMR
United Republic of Tanzania,Africa,2019,120,TZA
Liberia,Africa,2019,1203,LBR
Bulgaria,Europe,2019,1231,BGR
Ghana,Africa,2019,1274,GHA
Argentina,Americas,2019,130,ARG
North Macedonia,Europe,2019,1337,MKD
Poland,Europe,2019,1367,POL
Bosnia and Herzegovina,Europe,2019,1404,BIH
Denmark,Europe,2019,15,DNK
Zambia,Africa,2019,15,ZMB
Singapore,Western Pacific,2019,152,SGP
Italy,Europe,2019,1623,ITA
Uzbekistan,Europe,2019,1672,UZB
Malawi,Africa,2019,17,MWI
Norway,Europe,2019,18,NOR
United Arab Emirates,Eastern Mediterranean,2019,187,ARE
Libya,Eastern Mediterranean,2019,188,LBY
Chad,Africa,2019,1882,TCD
Republic of Korea,Western Pacific,2019,194,KOR
Mauritania,Africa,2019,196,MRT
Indonesia,South-East Asia,2019,1965,IDN
Bhutan,South-East Asia,2019,2,BTN
Gabon,Africa,2019,2,GAB
Mongolia,Western Pacific,2019,2,MNG
Peru,Americas,2019,2,PER
Iran (Islamic Republic of),Eastern Mediterranean,2019,20,IRN
Sweden,Europe,2019,20,SWE
Belarus,Europe,2019,201,BLR
Pakistan,Eastern Mediterranean,2019,2066,PAK
New Zealand,Western Pacific,2019,2189,NZL
Serbia,Europe,2019,22,SRB
Timor-Leste,South-East Asia,2019,22,TLS
"occupied Palestinian territory, including east Jerusalem",Eastern Mediterranean,2019,228,PSE
Hungary,Europe,2019,23,HUN
Kyrgyzstan,Europe,2019,2380,KGZ
Luxembourg,Europe,2019,24,LUX
Colombia,Americas,2019,244,COL
Algeria,Africa,2019,2585,DZA
France,Europe,2019,2637,FRA
Senegal,Africa,2019,267,SEN
Estonia,Europe,2019,27,EST
Syrian Arab Republic,Eastern Mediterranean,2019,27,SYR
Fiji,Western Pacific,2019,28,FJI
Cameroon,Africa,2019,2809,CMR
Azerbaijan,Europe,2019,281,AZE
Somalia,Eastern Mediterranean,2019,283,SOM
Australia,Western Pacific,2019,286,AUS
Spain,Europe,2019,288,ESP
Türkiye,Europe,2019,2904,TUR
China,Western Pacific,2019,2974,CHN
Angola,Africa,2019,2987,AGO
Bahamas,Americas,2019,3,BHS
Bahrain,Eastern Mediterranean,2019,3,BHR
Kiribati,Western Pacific,2019,3,KIR
Latvia,Europe,2019,3,LVA
Malta,Europe,2019,30,MLT
Slovakia,Europe,2019,318,SVK
Central African Republic,Africa,2019,3390,CAF
South Sudan,Africa,2019,3401,SSD
Afghanistan,Eastern Mediterranean,2019,353,AFG
Sudan,Eastern Mediterranean,2019,3555,SDN
"China, Macao Special Administrative Region",Global,2019,37,MAC
Cote d'Ivoire,Africa,2019,372,CIV
Iraq,Eastern Mediterranean,2019,3799,IRQ
Romania,Europe,2019,3900,ROU
Georgia,Europe,2019,3918,GEO
Ethiopia,Africa,2019,3998,ETH
Zimbabwe,Africa,2019,4,ZWE
Sierra Leone,Africa,2019,40,SLE
Nepal,South-East Asia,2019,430,NPL
Benin,Africa,2019,437,BEN
Kenya,Africa,2019,439,KEN
Russian Federation,Europe,2019,4491,RUS
Greece,Europe,2019,45,GRC
Mali,Africa,2019,454,MLI
Guinea,Africa,2019,4555,GIN
Lesotho,Africa,2019,464,LSO
Tunisia,Eastern Mediterranean,2019,4669,TUN
Jordan,Eastern Mediterranean,2019,48,JOR
Belgium,Europe,2019,480,BEL
Albania,Europe,2019,488,ALB
Sri Lanka,South-East Asia,2019,49,LKA
Qatar,Eastern Mediterranean,2019,5,QAT
Slovenia,Europe,2019,51,SVN
Germany,Europe,2019,514,DEU
Croatia,Europe,2019,52,HRV
Myanmar,South-East Asia,2019,5252,MMR
Thailand,South-East Asia,2019,5412,THA
Venezuela (Bolivarian Republic of),Americas,2019,548,VEN
Samoa,Western Pacific,2019,5687,WSM
Bangladesh,South-East Asia,2019,5827,BGD
South Africa,Africa,2019,59,ZAF
Czechia,Europe,2019,590,CZE
Cyprus,Europe,2019,6,CYP
Eritrea,Africa,2019,6,ERI
Guinea-Bissau,Africa,2019,60,GNB
Mozambique,Africa,2019,63,MOZ
Comoros,Africa,2019,65,COM
Ireland,Europe,2019,65,IRL
Tonga,Western Pacific,2019,659,TON
Congo,Africa,2019,66,COG
Burkina Faso,Africa,2019,672,BFA
Cambodia,Western Pacific,2019,684,KHM
Togo,Africa,2019,69,TGO
Armenia,Europe,2019,7,ARM
Tajikistan,Europe,2019,7,TJK
Japan,Western Pacific,2019,742,JPN
Rwanda,Africa,2019,818,RWA
Lithuania,Europe,2019,834,LTU
Netherlands (Kingdom of the),Europe,2019,84,NLD
Iceland,Europe,2019,9,ISL
Uruguay,Americas,2019,9,URY
"China, Hong Kong Special Administrative Region",Global,2019,90,HKG
Republic of Moldova,Europe,2019,90,MDA
Uganda,Africa,2019,920,UGA
Mauritius,Africa,2019,98,MUS
Andorra,Europe,2018,0,AND
Anguilla,Americas,2018,0,AIA
Aruba,Americas,2018,0,ABW
Bahamas,Americas,2018,0,BHS
Bahrain,Eastern Mediterranean,2018,0,BHR
Barbados,Americas,2018,0,BRB
Belize,Americas,2018,0,BLZ
Bermuda,Americas,2018,0,BMU
Bolivia (Plurinational State of),Americas,2018,0,BOL
Botswana,Africa,2018,0,BWA
British Virgin Islands,Americas,2018,0,VGB
Cabo Verde,Africa,2018,0,CPV
Cayman Islands,Americas,2018,0,CYM
Comoros,Africa,2018,0,COM
Cook Islands,Western Pacific,2018,0,COK
Costa Rica,Americas,2018,0,CRI
Cuba,Americas,2018,0,CUB
Curaçao,Americas,2018,0,CUW
Democratic People's Republic of Korea,South-East Asia,2018,0,PRK
Dominica,Americas,2018,0,DMA
Dominican Republic,Americas,2018,0,DOM
El Salvador,Americas,2018,0,SLV
Equatorial Guinea,Africa,2018,0,GNQ
Eswatini,Africa,2018,0,SWZ
Fiji,Western Pacific,2018,0,FJI
Grenada,Americas,2018,0,GRD
Guam,Western Pacific,2018,0,GUM
Guyana,Americas,2018,0,GUY
Haiti,Americas,2018,0,HTI
Honduras,Americas,2018,0,HND
Iceland,Europe,2018,0,ISL
Jamaica,Americas,2018,0,JAM
Jordan,Eastern Mediterranean,2018,0,JOR
Kiribati,Western Pacific,2018,0,KIR
Micronesia (Federated States of),Western Pacific,2018,0,FSM
Monaco,Europe,2018,0,MCO
Montserrat,Americas,2018,0,MSR
New Caledonia,Western Pacific,2018,0,NCL
Nicaragua,Americas,2018,0,NIC
Northern Mariana Islands,Western Pacific,2018,0,MNP
"occupied Palestinian territory, including east Jerusalem",Eastern Mediterranean,2018,0,PSE
Oman,Eastern Mediterranean,2018,0,OMN
Panama,Americas,2018,0,PAN
Paraguay,Americas,2018,0,PRY
Saint Kitts and Nevis,Americas,2018,0,KNA
Saint Lucia,Americas,2018,0,LCA
Saint Vincent and the Grenadines,Americas,2018,0,VCT
Samoa,Western Pacific,2018,0,WSM
San Marino,Europe,2018,0,SMR
Sao Tome and Principe,Africa,2018,0,STP
Sint Maarten (Dutch part),Americas,2018,0,SXM
Solomon Islands,Western Pacific,2018,0,SLB
Suriname,Americas,2018,0,SUR
Tajikistan,Europe,2018,0,TJK
Timor-Leste,South-East Asia,2018,0,TLS
Tokelau,Western Pacific,2018,0,TKL
Tonga,Western Pacific,2018,0,TON
Trinidad and Tobago,Americas,2018,0,TTO
Turkmenistan,Europe,2018,0,TKM
Turks and Caicos Islands,Americas,2018,0,TCA
Uruguay,Americas,2018,0,URY
Vanuatu,Western Pacific,2018,0,VUT
Wallis and Futuna Islands,Western Pacific,2018,0,WLF
Antigua and Barbuda,Americas,2018,1,ATG
Brunei Darussalam,Western Pacific,2018,1,BRN
Gabon,Africa,2018,1,GAB
Guatemala,Americas,2018,1,GTM
Malawi,Africa,2018,1,MWI
Maldives,South-East Asia,2018,1,MDV
Mongolia,Western Pacific,2018,1,MNG
Sri Lanka,South-East Asia,2018,1,LKA
Zimbabwe,Africa,2018,1,ZWE
Estonia,Europe,2018,10,EST
Lao People's Democratic Republic,Western Pacific,2018,10,LAO
Kyrgyzstan,Europe,2018,1007,KGZ
Australia,Western Pacific,2018,103,AUS
Libya,Eastern Mediterranean,2018,1082,LBY
Zambia,Africa,2018,11,ZMB
Saudi Arabia,Eastern Mediterranean,2018,1164,SAU
Belgium,Europe,2018,117,BEL
Norway,Europe,2018,12,NOR
Senegal,Africa,2018,12,SEN
United Kingdom of Great Britain and Northern Ireland,Europe,2018,1216,GBR
Bulgaria,Europe,2018,13,BGR
Tunisia,Eastern Mediterranean,2018,13,TUN
Myanmar,South-East Asia,2018,1389,MMR
Argentina,Americas,2018,14,ARG
Hungary,Europe,2018,14,HUN
Chad,Africa,2018,1457,TCD
Albania,Europe,2018,1469,ALB
Cyprus,Europe,2018,15,CYP
Finland,Europe,2018,15,FIN
Republic of Korea,Western Pacific,2018,15,KOR
Mozambique,Africa,2018,16,MOZ
Portugal,Europe,2018,162,PRT
"China, Hong Kong Special Administrative Region",Global,2018,17,HKG
United Arab Emirates,Eastern Mediterranean,2018,172,ARE
Ethiopia,Africa,2018,1752,ETH
Bhutan,South-East Asia,2018,18,BTN
Armenia,Europe,2018,19,ARM
Ecuador,Americas,2018,19,ECU
Papua New Guinea,Western Pacific,2018,19,PNG
Malaysia,Western Pacific,2018,1981,MYS
Qatar,Eastern Mediterranean,2018,2,QAT
Montenegro,Europe,2018,200,MNE
Afghanistan,Eastern Mediterranean,2018,2012,AFG
Iran (Islamic Republic of),Eastern Mediterranean,2018,203,IRN
Czechia,Europe,2018,207,CZE
Colombia,Americas,2018,208,COL
Georgia,Europe,2018,2199,GEO
Uzbekistan,Europe,2018,22,UZB
Central African Republic,Africa,2018,224,CAF
Spain,Europe,2018,225,ESP
Viet Nam,Western Pacific,2018,2256,VNM
Bangladesh,South-East Asia,2018,2263,BGD
Rwanda,Africa,2018,229,RWA
Greece,Europe,2018,2291,GRC
Croatia,Europe,2018,23,HRV
Chile,Americas,2018,24,CHL
Netherlands (Kingdom of the),Europe,2018,24,NLD
Latvia,Europe,2018,25,LVA
Russian Federation,Europe,2018,2539,RUS
Belarus,Europe,2018,259,BLR
Nepal,South-East Asia,2018,260,NPL
Uganda,Africa,2018,2627,UGA
South Sudan,Africa,2018,263,SSD
Italy,Europe,2018,2682,ITA
Japan,Western Pacific,2018,279,JPN
Canada,Americas,2018,28,CAN
Congo,Africa,2018,28,COG
Djibouti,Eastern Mediterranean,2018,28,DJI
Guinea-Bissau,Africa,2018,28,GNB
France,Europe,2018,2921,FRA
Cambodia,Western Pacific,2018,3,KHM
"China, Macao Special Administrative Region",Global,2018,3,MAC
Lithuania,Europe,2018,30,LTU
New Zealand,Western Pacific,2018,30,NZL
Israel,Europe,2018,3177,ISR
Syrian Arab Republic,Eastern Mediterranean,2018,329,SYR
Algeria,Africa,2018,3356,DZA
Ghana,Africa,2018,34,GHA
Republic of Moldova,Europe,2018,340,MDA
Sierra Leone,Africa,2018,344,SLE
Poland,Europe,2018,359,POL
United States of America,Americas,2018,375,USA
Liberia,Africa,2018,3781,LBR
Singapore,Western Pacific,2018,38,SGP
Togo,Africa,2018,38,TGO
China,Western Pacific,2018,3940,CHN
Gambia,Africa,2018,4,GMB
Luxembourg,Europe,2018,4,LUX
Burkina Faso,Africa,2018,4072,BFA
Kuwait,Eastern Mediterranean,2018,42,KWT
Peru,Americas,2018,42,PER
Sweden,Europe,2018,43,SWE
Cote d'Ivoire,Africa,2018,453,CIV
Egypt,Eastern Mediterranean,2018,48,EGY
Guinea,Africa,2018,482,GIN
Morocco,Eastern Mediterranean,2018,483,MAR
Iraq,Eastern Mediterranean,2018,489,IRQ
Benin,Africa,2018,493,BEN
Sudan,Eastern Mediterranean,2018,4980,SDN
Mali,Africa,2018,499,MLI
Mexico,Americas,2018,5,MEX
Switzerland,Europe,2018,50,CHE
Niger,Africa,2018,5034,NER
Serbia,Europe,2018,5076,SRB
Indonesia,South-East Asia,2018,5300,IDN
Germany,Europe,2018,543,DEU
Azerbaijan,Europe,2018,55,AZE
Slovakia,Europe,2018,565,SVK
Venezuela (Bolivarian Republic of),Americas,2018,5667,VEN
Angola,Africa,2018,57,AGO
Kazakhstan,Europe,2018,576,KAZ
Malta,Europe,2018,6,MLT
Thailand,South-East Asia,2018,6035,THA
Bosnia and Herzegovina,Europe,2018,62,BIH
North Macedonia,Europe,2018,64,MKD
Romania,Europe,2018,6407,ROU
Lesotho,Africa,2018,7,LSO
Eritrea,Africa,2018,70,ERI
Nigeria,Africa,2018,7063,NGA
South Africa,Africa,2018,71,ZAF
Türkiye,Europe,2018,716,TUR
United Republic of Tanzania,Africa,2018,74,TZA
Ireland,Europe,2018,76,IRL
Austria,Europe,2018,77,AUT
Mauritania,Africa,2018,77,MRT
Denmark,Europe,2018,8,DNK
Cameroon,Africa,2018,814,CMR
Kenya,Africa,2018,822,KEN
Burundi,Africa,2018,9,BDI
Namibia,Africa,2018,9,NAM
Slovenia,Europe,2018,9,SVN
Somalia,Eastern Mediterranean,2018,9126,SOM
Lebanon,Eastern Mediterranean,2018,944,LBN
Andorra,Europe,2017,0,AND
Anguilla,Americas,2017,0,AIA
Antigua and Barbuda,Americas,2017,0,ATG
Aruba,Americas,2017,0,ABW
Azerbaijan,Europe,2017,0,AZE
Bahamas,Americas,2017,0,BHS
Bahrain,Eastern Mediterranean,2017,0,BHR
Barbados,Americas,2017,0,BRB
Belize,Americas,2017,0,BLZ
Bermuda,Americas,2017,0,BMU
Bolivia (Plurinational State of),Americas,2017,0,BOL
Botswana,Africa,2017,0,BWA
British Virgin Islands,Americas,2017,0,VGB
Brunei Darussalam,Western Pacific,2017,0,BRN
Cabo Verde,Africa,2017,0,CPV
Cayman Islands,Americas,2017,0,CYM
Chile,Americas,2017,0,CHL
Colombia,Americas,2017,0,COL
Comoros,Africa,2017,0,COM
Costa Rica,Americas,2017,0,CRI
Cuba,Americas,2017,0,CUB
Curaçao,Americas,2017,0,CUW
Democratic People's Republic of Korea,South-East Asia,2017,0,PRK
Dominica,Americas,2017,0,DMA
Dominican Republic,Americas,2017,0,DOM
Ecuador,Americas,2017,0,ECU
El Salvador,Americas,2017,0,SLV
Eswatini,Africa,2017,0,SWZ
Grenada,Americas,2017,0,GRD
Guam,Western Pacific,2017,0,GUM
Guatemala,Americas,2017,0,GTM
Guyana,Americas,2017,0,GUY
Haiti,Americas,2017,0,HTI
Honduras,Americas,2017,0,HND
Jamaica,Americas,2017,0,JAM
Jordan,Eastern Mediterranean,2017,0,JOR
Kiribati,Western Pacific,2017,0,KIR
Latvia,Europe,2017,0,LVA
Lesotho,Africa,2017,0,LSO
Malta,Europe,2017,0,MLT
Mauritius,Africa,2017,0,MUS
Mexico,Americas,2017,0,MEX
Micronesia (Federated States of),Western Pacific,2017,0,FSM
Montenegro,Europe,2017,0,MNE
Montserrat,Americas,2017,0,MSR
Nicaragua,Americas,2017,0,NIC
Palau,Western Pacific,2017,0,PLW
Panama,Americas,2017,0,PAN
Paraguay,Americas,2017,0,PRY
Peru,Americas,2017,0,PER
Republic of Moldova,Europe,2017,0,MDA
Saint Kitts and Nevis,Americas,2017,0,KNA
Saint Lucia,Americas,2017,0,LCA
Saint Vincent and the Grenadines,Americas,2017,0,VCT
San Marino,Europe,2017,0,SMR
Sao Tome and Principe,Africa,2017,0,STP
Seychelles,Africa,2017,0,SYC
Sint Maarten (Dutch part),Americas,2017,0,SXM
Solomon Islands,Western Pacific,2017,0,SLB
Suriname,Americas,2017,0,SUR
Timor-Leste,South-East Asia,2017,0,TLS
Tonga,Western Pacific,2017,0,TON
Trinidad and Tobago,Americas,2017,0,TTO
Turkmenistan,Europe,2017,0,TKM
Turks and Caicos Islands,Americas,2017,0,TCA
Uruguay,Americas,2017,0,URY
Uzbekistan,Europe,2017,0,UZB
Armenia,Europe,2017,1,ARM
Belarus,Europe,2017,1,BLR
Equatorial Guinea,Africa,2017,1,GNQ
Estonia,Europe,2017,1,EST
Gambia,Africa,2017,1,GMB
Maldives,South-East Asia,2017,1,MDV
Monaco,Europe,2017,1,MCO
New Caledonia,Western Pacific,2017,1,NCL
Norway,Europe,2017,1,NOR
Sri Lanka,South-East Asia,2017,1,LKA
Zimbabwe,Africa,2017,1,ZWE
Cambodia,Western Pacific,2017,10,KHM
Uganda,Africa,2017,1021,UGA
Switzerland,Europe,2017,105,CHE
Gabon,Africa,2017,1075,GAB
Finland,Europe,2017,11,FIN
Guinea-Bissau,Africa,2017,11,GNB
Madagascar,Africa,2017,11,MDG
Senegal,Africa,2017,11,SEN
Algeria,Africa,2017,112,DZA
Niger,Africa,2017,1171,NER
Eritrea,Africa,2017,1199,ERI
Albania,Europe,2017,12,ALB
United States of America,Americas,2017,120,USA
United Arab Emirates,Eastern Mediterranean,2017,121,ARE
Mozambique,Africa,2017,122,MOZ
Lebanon,Eastern Mediterranean,2017,126,LBN
Myanmar,South-East Asia,2017,1293,MMR
Zambia,Africa,2017,13,ZMB
Czechia,Europe,2017,142,CZE
Rwanda,Africa,2017,145,RWA
New Zealand,Western Pacific,2017,15,NZL
Afghanistan,Eastern Mediterranean,2017,1511,AFG
Namibia,Africa,2017,16,NAM
Netherlands (Kingdom of the),Europe,2017,16,NLD
Spain,Europe,2017,161,ESP
Cote d'Ivoire,Africa,2017,163,CIV
Bulgaria,Europe,2017,165,BGR
Malaysia,Western Pacific,2017,1709,MYS
Bosnia and Herzegovina,Europe,2017,18,BIH
Burundi,Africa,2017,18,BDI
Kuwait,Eastern Mediterranean,2017,18,KWT
Japan,Western Pacific,2017,187,JPN
Sierra Leone,Africa,2017,1873,SLE
Ghana,Africa,2017,19,GHA
North Macedonia,Europe,2017,19,MKD
Ethiopia,Africa,2017,1921,ETH
Thailand,South-East Asia,2017,1946,THA
"China, Macao Special Administrative Region",Global,2017,2,MAC
Kazakhstan,Europe,2017,2,KAZ
Lithuania,Europe,2017,2,LTU
Guinea,Africa,2017,2036,GIN
South Africa,Africa,2017,210,ZAF
Viet Nam,Western Pacific,2017,227,VNM
Egypt,Eastern Mediterranean,2017,24,EGY
Philippines,Western Pacific,2017,2428,PHL
Ireland,Europe,2017,25,IRL
Mali,Africa,2017,26,MLI
Angola,Africa,2017,29,AGO
Argentina,Americas,2017,3,ARG
Cyprus,Europe,2017,3,CYP
Djibouti,Eastern Mediterranean,2017,3,DJI
Iceland,Europe,2017,3,ISL
Lao People's Democratic Republic,Western Pacific,2017,3,LAO
Samoa,Western Pacific,2017,3,WSM
Portugal,Europe,2017,34,PRT
Hungary,Europe,2017,36,HUN
United Kingdom of Great Britain and Northern Ireland,Europe,2017,364,GBR
Belgium,Europe,2017,367,BEL
"China, Hong Kong Special Administrative Region",Global,2017,4,HKG
Denmark,Europe,2017,4,DNK
Luxembourg,Europe,2017,4,LUX
Malawi,Africa,2017,4,MWI
Bangladesh,South-East Asia,2017,4001,BGD
Italy,Europe,2017,4042,ITA
Iraq,Eastern Mediterranean,2017,41,IRQ
Sweden,Europe,2017,41,SWE
Israel,Europe,2017,42,ISR
Yemen,Eastern Mediterranean,2017,433,YEM
Canada,Americas,2017,45,CAN
Saudi Arabia,Eastern Mediterranean,2017,459,SAU
Togo,Africa,2017,46,TGO
Ukraine,Europe,2017,4782,UKR
South Sudan,Africa,2017,487,SSD
Burkina Faso,Africa,2017,49,BFA
Kyrgyzstan,Europe,2017,5,KGZ
Republic of Korea,Western Pacific,2017,5,KOR
Tokelau,Western Pacific,2017,5,TKL
Tunisia,Eastern Mediterranean,2017,5,TUN
Iran (Islamic Republic of),Eastern Mediterranean,2017,51,IRN
France,Europe,2017,519,FRA
China,Western Pacific,2017,5941,CHN
Kenya,Africa,2017,63,KEN
Mauritania,Africa,2017,63,MRT
"occupied Palestinian territory, including east Jerusalem",Eastern Mediterranean,2017,63,PSE
Poland,Europe,2017,63,POL
Tajikistan,Europe,2017,654,TJK
Bhutan,South-East Asia,2017,66,BTN
Sudan,Eastern Mediterranean,2017,665,SDN
Croatia,Europe,2017,7,HRV
Papua New Guinea,Western Pacific,2017,7,PNG
Slovakia,Europe,2017,7,SVK
Singapore,Western Pacific,2017,70,SGP
Cameroon,Africa,2017,712,CMR
Russian Federation,Europe,2017,721,RUS
Serbia,Europe,2017,721,SRB
Venezuela (Bolivarian Republic of),Americas,2017,727,VEN
Syrian Arab Republic,Eastern Mediterranean,2017,737,SYR
Libya,Eastern Mediterranean,2017,8,LBY
Slovenia,Europe,2017,8,SVN
Central African Republic,Africa,2017,801,CAF
Australia,Western Pacific,2017,81,AUS
Türkiye,Europe,2017,84,TUR
United Republic of Tanzania,Africa,2017,852,TZA
Chad,Africa,2017,9,TCD
Mongolia,Western Pacific,2017,9,MNG
Oman,Eastern Mediterranean,2017,9,OMN
Qatar,Eastern Mediterranean,2017,9,QAT
Indonesia,South-East Asia,2017,9035,IDN
Romania,Europe,2017,9076,ROU
Pakistan,Eastern Mediterranean,2017,9175,PAK
Germany,Europe,2017,929,DEU
Georgia,Europe,2017,94,GEO
Austria,Europe,2017,95,AUT
Congo,Africa,2017,958,COG
Liberia,Africa,2017,960,LBR
Greece,Europe,2017,968,GRC
Benin,Africa,2017,97,BEN
Nepal,South-East Asia,2017,99,NPL
Andorra,Europe,2016,0,AND
Antigua and Barbuda,Americas,2016,0,ATG
Argentina,Americas,2016,0,ARG
Azerbaijan,Europe,2016,0,AZE
Bahamas,Americas,2016,0,BHS
Bahrain,Eastern Mediterranean,2016,0,BHR
Barbados,Americas,2016,0,BRB
Belize,Americas,2016,0,BLZ
Bolivia (Plurinational State of),Americas,2016,0,BOL
Brazil,Americas,2016,0,BRA
Chile,Americas,2016,0,CHL
"China, Macao Special Administrative Region",Global,2016,0,MAC
Colombia,Americas,2016,0,COL
Comoros,Africa,2016,0,COM
Costa Rica,Americas,2016,0,CRI
Cuba,Americas,2016,0,CUB
Cyprus,Europe,2016,0,CYP
Democratic People's Republic of Korea,South-East Asia,2016,0,PRK
Dominica,Americas,2016,0,DMA
Dominican Republic,Americas,2016,0,DOM
El Salvador,Americas,2016,0,SLV
Greece,Europe,2016,0,GRC
Grenada,Americas,2016,0,GRD
Guam,Western Pacific,2016,0,GUM
Guatemala,Americas,2016,0,GTM
Guinea-Bissau,Africa,2016,0,GNB
Guyana,Americas,2016,0,GUY
Honduras,Americas,2016,0,HND
Hungary,Europe,2016,0,HUN
Jamaica,Americas,2016,0,JAM
Jordan,Eastern Mediterranean,2016,0,JOR
Kyrgyzstan,Europe,2016,0,KGZ
Latvia,Europe,2016,0,LVA
Lesotho,Africa,2016,0,LSO
Luxembourg,Europe,2016,0,LUX
Malawi,Africa,2016,0,MWI
Maldives,South-East Asia,2016,0,MDV
Malta,Europe,2016,0,MLT
Mauritius,Africa,2016,0,MUS
Mexico,Americas,2016,0,MEX
Micronesia (Federated States of),Western Pacific,2016,0,FSM
Montenegro,Europe,2016,0,MNE
Nauru,Western Pacific,2016,0,NRU
Nicaragua,Americas,2016,0,NIC
North Macedonia,Europe,2016,0,MKD
Norway,Europe,2016,0,NOR
Palau,Western Pacific,2016,0,PLW
Panama,Americas,2016,0,PAN
Papua New Guinea,Western Pacific,2016,0,PNG
Paraguay,Americas,2016,0,PRY
Peru,Americas,2016,0,PER
Republic of Moldova,Europe,2016,0,MDA
Saint Kitts and Nevis,Americas,2016,0,KNA
Saint Lucia,Americas,2016,0,LCA
Saint Vincent and the Grenadines,Americas,2016,0,VCT
San Marino,Europe,2016,0,SMR
Sao Tome and Principe,Africa,2016,0,STP
Seychelles,Africa,2016,0,SYC
Slovakia,Europe,2016,0,SVK
Solomon Islands,Western Pacific,2016,0,SLB
Suriname,Americas,2016,0,SUR
Tonga,Western Pacific,2016,0,TON
Trinidad and Tobago,Americas,2016,0,TTO
Turkmenistan,Europe,2016,0,TKM
Uruguay,Americas,2016,0,URY
Venezuela (Bolivarian Republic of),Americas,2016,0,VEN
Botswana,Africa,2016,1,BWA
Brunei Darussalam,Western Pacific,2016,1,BRN
Bulgaria,Europe,2016,1,BGR
Ecuador,Americas,2016,1,ECU
Eswatini,Africa,2016,1,SWZ
Iceland,Europe,2016,1,ISL
Slovenia,Europe,2016,1,SVN
Uzbekistan,Europe,2016,1,UZB
Zimbabwe,Africa,2016,1,ZWE
Belarus,Europe,2016,10,BLR
Ukraine,Europe,2016,102,UKR
New Zealand,Western Pacific,2016,103,NZL
Mali,Africa,2016,107,MLI
Canada,Americas,2016,11,CAN
Serbia,Europe,2016,11,SRB
Oman,Eastern Mediterranean,2016,111,OMN
Sri Lanka,South-East Asia,2016,112,LKA
Chad,Africa,2016,118,TCD
Kazakhstan,Europe,2016,122,KAZ
Poland,Europe,2016,123,POL
Saudi Arabia,Eastern Mediterranean,2016,125,SAU
Nepal,South-East Asia,2016,1269,NPL
Kenya,Africa,2016,128,KEN
Mauritania,Africa,2016,13,MRT
Bosnia and Herzegovina,Europe,2016,133,BIH
Uganda,Africa,2016,139,UGA
Georgia,Europe,2016,14,GEO
Eritrea,Africa,2016,142,ERI
Yemen,Eastern Mediterranean,2016,143,YEM
Togo,Africa,2016,15,TGO
Gabon,Africa,2016,1509,GAB
Malaysia,Western Pacific,2016,1569,MYS
Burundi,Africa,2016,16,BDI
Senegal,Africa,2016,162,SEN
Japan,Western Pacific,2016,165,JPN
Equatorial Guinea,Africa,2016,1699,GNQ
Albania,Europe,2016,17,ALB
Sudan,Eastern Mediterranean,2016,1767,SDN
Russian Federation,Europe,2016,178,RUS
Republic of Korea,Western Pacific,2016,18,KOR
South Africa,Africa,2016,18,ZAF
Armenia,Europe,2016,2,ARM
Estonia,Europe,2016,2,EST
Timor-Leste,South-East Asia,2016,2,TLS
Lithuania,Europe,2016,22,LTU
United Arab Emirates,Eastern Mediterranean,2016,223,ARE
Egypt,Eastern Mediterranean,2016,225,EGY
Burkina Faso,Africa,2016,226,BFA
Romania,Europe,2016,2435,ROU
Somalia,Eastern Mediterranean,2016,26,SOM
Myanmar,South-East Asia,2016,266,MMR
Austria,Europe,2016,27,AUT
Pakistan,Eastern Mediterranean,2016,2703,PAK
Congo,Africa,2016,277,COG
Denmark,Europe,2016,3,DNK
Sweden,Europe,2016,3,SWE
Qatar,Eastern Mediterranean,2016,30,QAT
Guinea,Africa,2016,316,GIN
Ghana,Africa,2016,32,GHA
Libya,Eastern Mediterranean,2016,32,LBY
Germany,Europe,2016,326,DEU
United Republic of Tanzania,Africa,2016,33,TZA
Cameroon,Africa,2016,338,CMR
Portugal,Europe,2016,34,PRT
Central African Republic,Africa,2016,367,CAF
Iraq,Eastern Mediterranean,2016,37,IRQ
Spain,Europe,2016,37,ESP
Croatia,Europe,2016,4,HRV
Finland,Europe,2016,4,FIN
Namibia,Africa,2016,40,NAM
Algeria,Africa,2016,41,DZA
Ireland,Europe,2016,43,IRL
Lebanon,Eastern Mediterranean,2016,44,LBN
Bhutan,South-East Asia,2016,45,BTN
Cote d'Ivoire,Africa,2016,45,CIV
Gambia,Africa,2016,45,GMB
Ethiopia,Africa,2016,4579,ETH
Viet Nam,Western Pacific,2016,46,VNM
Fiji,Western Pacific,2016,5,FJI
Madagascar,Africa,2016,5,MDG
Democratic Republic of the Congo,Africa,2016,5092,COD
Tajikistan,Europe,2016,52,TJK
Angola,Africa,2016,53,AGO
United Kingdom of Great Britain and Northern Ireland,Europe,2016,558,GBR
Cambodia,Western Pacific,2016,56,KHM
Netherlands (Kingdom of the),Europe,2016,6,NLD
Afghanistan,Eastern Mediterranean,2016,638,AFG
Switzerland,Europe,2016,65,CHE
Thailand,South-East Asia,2016,652,THA
Syrian Arab Republic,Eastern Mediterranean,2016,66,SYR
Indonesia,South-East Asia,2016,6962,IDN
Czechia,Europe,2016,7,CZE
Tunisia,Eastern Mediterranean,2016,7,TUN
Philippines,Western Pacific,2016,716,PHL
Niger,Africa,2016,776,NER
Liberia,Africa,2016,789,LBR
France,Europe,2016,79,FRA
Djibouti,Eastern Mediterranean,2016,8,DJI
Israel,Europe,2016,8,ISR
Kuwait,Eastern Mediterranean,2016,8,KWT
Lao People's Democratic Republic,Western Pacific,2016,8,LAO
Zambia,Africa,2016,8,ZMB
Iran (Islamic Republic of),Eastern Mediterranean,2016,82,IRN
United States of America,Americas,2016,85,USA
Benin,Africa,2016,89,BEN
South Sudan,Africa,2016,898,SSD
"China, Hong Kong Special Administrative Region",Global,2016,9,HKG
Türkiye,Europe,2016,9,TUR
Sierra Leone,Africa,2016,920,SLE
Rwanda,Africa,2016,95,RWA
Bangladesh,South-East Asia,2016,972,BGD
Australia,Western Pacific,2016,99,AUS
Andorra,Europe,2015,0,AND
Antigua and Barbuda,Americas,2015,0,ATG
Argentina,Americas,2015,0,ARG
Azerbaijan,Europe,2015,0,AZE
Bahamas,Americas,2015,0,BHS
Bahrain,Eastern Mediterranean,2015,0,BHR
Barbados,Americas,2015,0,BRB
Belize,Americas,2015,0,BLZ
Bolivia (Plurinational State of),Americas,2015,0,BOL
Botswana,Africa,2015,0,BWA
Bulgaria,Europe,2015,0,BGR
Cabo Verde,Africa,2015,0,CPV
Cambodia,Western Pacific,2015,0,KHM
"China, Macao Special Administrative Region",Global,2015,0,MAC
Comoros,Africa,2015,0,COM
Costa Rica,Americas,2015,0,CRI
Cuba,Americas,2015,0,CUB
Cyprus,Europe,2015,0,CYP
Democratic People's Republic of Korea,South-East Asia,2015,0,PRK
Dominica,Americas,2015,0,DMA
Dominican Republic,Americas,2015,0,DOM
Ecuador,Americas,2015,0,ECU
Eswatini,Africa,2015,0,SWZ
Grenada,Americas,2015,0,GRD
Guam,Western Pacific,2015,0,GUM
Guatemala,Americas,2015,0,GTM
Guyana,Americas,2015,0,GUY
Haiti,Americas,2015,0,HTI
Honduras,Americas,2015,0,HND
Hungary,Europe,2015,0,HUN
Iceland,Europe,2015,0,ISL
Jamaica,Americas,2015,0,JAM
Jordan,Eastern Mediterranean,2015,0,JOR
Latvia,Europe,2015,0,LVA
Lesotho,Africa,2015,0,LSO
Luxembourg,Europe,2015,0,LUX
Malawi,Africa,2015,0,MWI
Maldives,South-East Asia,2015,0,MDV
Mexico,Americas,2015,0,MEX
Micronesia (Federated States of),Western Pacific,2015,0,FSM
Nicaragua,Americas,2015,0,NIC
Oman,Eastern Mediterranean,2015,0,OMN
Palau,Western Pacific,2015,0,PLW
Panama,Americas,2015,0,PAN
Paraguay,Americas,2015,0,PRY
Portugal,Europe,2015,0,PRT
Republic of Moldova,Europe,2015,0,MDA
Saint Kitts and Nevis,Americas,2015,0,KNA
Saint Lucia,Americas,2015,0,LCA
Saint Vincent and the Grenadines,Americas,2015,0,VCT
Seychelles,Africa,2015,0,SYC
Solomon Islands,Western Pacific,2015,0,SLB
Suriname,Americas,2015,0,SUR
Trinidad and Tobago,Americas,2015,0,TTO
Turkmenistan,Europe,2015,0,TKM
Uruguay,Americas,2015,0,URY
Venezuela (Bolivarian Republic of),Americas,2015,0,VEN
Zimbabwe,Africa,2015,0,ZWE
Colombia,Americas,2015,1,COL
Greece,Europe,2015,1,GRC
Mauritania,Africa,2015,1,MRT
North Macedonia,Europe,2015,1,MKD
Rwanda,Africa,2015,1,RWA
Slovakia,Europe,2015,1,SVK
New Zealand,Western Pacific,2015,10,NZL
Ukraine,Europe,2015,105,UKR
Liberia,Africa,2015,1060,LBR
Bhutan,South-East Asia,2015,11,BTN
Spain,Europe,2015,115,ESP
Afghanistan,Eastern Mediterranean,2015,1154,AFG
Angola,Africa,2015,119,AGO
Equatorial Guinea,Africa,2015,1250,GNQ
Malaysia,Western Pacific,2015,1318,MYS
Congo,Africa,2015,1359,COG
Norway,Europe,2015,14,NOR
Iraq,Eastern Mediterranean,2015,1433,IRQ
Central African Republic,Africa,2015,150,CAF
Guinea-Bissau,Africa,2015,153,GNB
Thailand,South-East Asia,2015,154,THA
Sri Lanka,South-East Asia,2015,1568,LKA
France,Europe,2015,157,FRA
Italy,Europe,2015,159,ITA
Nepal,South-East Asia,2015,1599,NPL
Tunisia,Eastern Mediterranean,2015,16,TUN
Bosnia and Herzegovina,Europe,2015,1677,BIH
Morocco,Eastern Mediterranean,2015,17,MAR
South Africa,Africa,2015,17,ZAF
"China, Hong Kong Special Administrative Region",Global,2015,18,HKG
Kuwait,Eastern Mediterranean,2015,18,KWT
Qatar,Eastern Mediterranean,2015,18,QAT
Slovenia,Europe,2015,18,SVN
Cameroon,Africa,2015,1809,CMR
United States of America,Americas,2015,188,USA
Canada,Americas,2015,195,CAN
Eritrea,Africa,2015,198,ERI
Belarus,Europe,2015,2,BLR
Finland,Europe,2015,2,FIN
Malta,Europe,2015,2,MLT
Togo,Africa,2015,20,TGO
Croatia,Europe,2015,206,HRV
Namibia,Africa,2015,212,NAM
Brazil,Americas,2015,214,BRA
Mali,Africa,2015,215,MLI
Saudi Arabia,Eastern Mediterranean,2015,219,SAU
Sweden,Europe,2015,22,SWE
Uzbekistan,Europe,2015,22,UZB
Ghana,Africa,2015,23,GHA
Bangladesh,South-East Asia,2015,240,BGD
Guinea,Africa,2015,243,GIN
Germany,Europe,2015,2464,DEU
Viet Nam,Western Pacific,2015,256,VNM
Gabon,Africa,2015,27,GAB
Madagascar,Africa,2015,3,MDG
Sao Tome and Principe,Africa,2015,3,STP
Tajikistan,Europe,2015,3,TJK
United Republic of Tanzania,Africa,2015,30,TZA
Austria,Europe,2015,309,AUT
Armenia,Europe,2015,33,ARM
Türkiye,Europe,2015,342,TUR
United Arab Emirates,Eastern Mediterranean,2015,347,ARE
Japan,Western Pacific,2015,35,JPN
Switzerland,Europe,2015,35,CHE
Sudan,Eastern Mediterranean,2015,3585,SDN
Papua New Guinea,Western Pacific,2015,38,PNG
Serbia,Europe,2015,383,SRB
Pakistan,Eastern Mediterranean,2015,386,PAK
Lebanon,Eastern Mediterranean,2015,39,LBN
Vanuatu,Western Pacific,2015,39,VUT
Brunei Darussalam,Western Pacific,2015,4,BRN
Estonia,Europe,2015,4,EST
Ireland,Europe,2015,4,IRL
Peru,Americas,2015,4,PER
Romania,Europe,2015,4,ROU
Chad,Africa,2015,418,TCD
Timor-Leste,South-East Asia,2015,43,TLS
Georgia,Europe,2015,431,GEO
Syrian Arab Republic,Eastern Mediterranean,2015,45,SYR
Yemen,Eastern Mediterranean,2015,468,YEM
Belgium,Europe,2015,47,BEL
Djibouti,Eastern Mediterranean,2015,47,DJI
Uganda,Africa,2015,478,UGA
Lithuania,Europe,2015,50,LTU
Democratic Republic of the Congo,Africa,2015,5020,COD
Kazakhstan,Europe,2015,526,KAZ
Egypt,Eastern Mediterranean,2015,5432,EGY
Benin,Africa,2015,55,BEN
Lao People's Democratic Republic,Western Pacific,2015,56,LAO
Senegal,Africa,2015,58,SEN
Myanmar,South-East Asia,2015,6,MMR
Sierra Leone,Africa,2015,607,SLE
Iran (Islamic Republic of),Eastern Mediterranean,2015,615,IRN
Philippines,Western Pacific,2015,619,PHL
Algeria,Africa,2015,63,DZA
Cote d'Ivoire,Africa,2015,65,CIV
Netherlands (Kingdom of the),Europe,2015,7,NLD
Republic of Korea,Western Pacific,2015,7,KOR
Gambia,Africa,2015,71,GMB
Australia,Western Pacific,2015,74,AUS
Somalia,Eastern Mediterranean,2015,7497,SOM
Niger,Africa,2015,7693,NER
Mozambique,Africa,2015,79,MOZ
Israel,Europe,2015,80,ISR
Libya,Eastern Mediterranean,2015,82,LBY
Russian Federation,Europe,2015,843,RUS
South Sudan,Africa,2015,878,SSD
Burundi,Africa,2015,9,BDI
Chile,Americas,2015,9,CHL
Czechia,Europe,2015,9,CZE
Denmark,Europe,2015,9,DNK
Zambia,Africa,2015,9,ZMB
United Kingdom of Great Britain and Northern Ireland,Europe,2015,91,GBR
Kenya,Africa,2015,95,KEN
Burkina Faso,Africa,2015,99,BFA
Algeria,Africa,2014,0,DZA
Andorra,Europe,2014,0,AND
Antigua and Barbuda,Americas,2014,0,ATG
Azerbaijan,Europe,2014,0,AZE
Bahamas,Americas,2014,0,BHS
Barbados,Americas,2014,0,BRB
Belize,Americas,2014,0,BLZ
Bhutan,South-East Asia,2014,0,BTN
Bolivia (Plurinational State of),Americas,2014,0,BOL
Bulgaria,Europe,2014,0,BGR
Burundi,Africa,2014,0,BDI
Cabo Verde,Africa,2014,0,CPV
Cambodia,Western Pacific,2014,0,KHM
Chile,Americas,2014,0,CHL
Colombia,Americas,2014,0,COL
Comoros,Africa,2014,0,COM
Cuba,Americas,2014,0,CUB
Dominica,Americas,2014,0,DMA
Dominican Republic,Americas,2014,0,DOM
Ecuador,Americas,2014,0,ECU
El Salvador,Americas,2014,0,SLV
Estonia,Europe,2014,0,EST
Eswatini,Africa,2014,0,SWZ
Grenada,Americas,2014,0,GRD
Guatemala,Americas,2014,0,GTM
Guyana,Americas,2014,0,GUY
Haiti,Americas,2014,0,HTI
Honduras,Americas,2014,0,HND
Hungary,Europe,2014,0,HUN
Iceland,Europe,2014,0,ISL
Jamaica,Americas,2014,0,JAM
Kiribati,Western Pacific,2014,0,KIR
Lesotho,Africa,2014,0,LSO
Maldives,South-East Asia,2014,0,MDV
Malta,Europe,2014,0,MLT
Mauritius,Africa,2014,0,MUS
Mongolia,Western Pacific,2014,0,MNG
Nicaragua,Americas,2014,0,NIC
Palau,Western Pacific,2014,0,PLW
Panama,Americas,2014,0,PAN
Paraguay,Americas,2014,0,PRY
Peru,Americas,2014,0,PER
Saint Kitts and Nevis,Americas,2014,0,KNA
Saint Lucia,Americas,2014,0,LCA
Saint Vincent and the Grenadines,Americas,2014,0,VCT
Sao Tome and Principe,Africa,2014,0,STP
Seychelles,Africa,2014,0,SYC
Slovakia,Europe,2014,0,SVK
Suriname,Americas,2014,0,SUR
Tajikistan,Europe,2014,0,TJK
Trinidad and Tobago,Americas,2014,0,TTO
Turkmenistan,Europe,2014,0,TKM
Uruguay,Americas,2014,0,URY
Venezuela (Bolivarian Republic of),Americas,2014,0,VEN
Zimbabwe,Africa,2014,0,ZWE
Argentina,Americas,2014,1,ARG
Botswana,Africa,2014,1,BWA
Brunei Darussalam,Western Pacific,2014,1,BRN
Costa Rica,Americas,2014,1,CRI
Gambia,Africa,2014,1,GMB
Greece,Europe,2014,1,GRC
Guinea-Bissau,Africa,2014,1,GNB
Cyprus,Europe,2014,10,CYP
Morocco,Eastern Mediterranean,2014,10,MAR
Rwanda,Africa,2014,10,RWA
Vanuatu,Western Pacific,2014,10,VUT
Sierra Leone,Africa,2014,1006,SLE
Lithuania,Europe,2014,11,LTU
Lebanon,Eastern Mediterranean,2014,112,LBN
Niger,Africa,2014,1142,NER
North Macedonia,Europe,2014,116,MKD
Austria,Europe,2014,117,AUT
Myanmar,South-East Asia,2014,122,MMR
Ghana,Africa,2014,124,GHA
Eritrea,Africa,2014,127,ERI
Chad,Africa,2014,1275,TCD
Nepal,South-East Asia,2014,1279,NPL
Armenia,Europe,2014,13,ARM
Equatorial Guinea,Africa,2014,13,GNQ
Egypt,Eastern Mediterranean,2014,1314,EGY
Iraq,Eastern Mediterranean,2014,1317,IRQ
United Kingdom of Great Britain and Northern Ireland,Europe,2014,133,GBR
Pakistan,Eastern Mediterranean,2014,1370,PAK
Mauritania,Africa,2014,14,MRT
Micronesia (Federated States of),Western Pacific,2014,140,FSM
Netherlands (Kingdom of the),Europe,2014,140,NLD
Tunisia,Eastern Mediterranean,2014,15,TUN
Saudi Arabia,Eastern Mediterranean,2014,154,SAU
Spain,Europe,2014,154,ESP
Sri Lanka,South-East Asia,2014,1686,LKA
Guinea,Africa,2014,175,GIN
Republic of Moldova,Europe,2014,2,MDA
Jordan,Eastern Mediterranean,2014,20,JOR
Central African Republic,Africa,2014,210,CAF
Malaysia,Western Pacific,2014,221,MYS
Czechia,Europe,2014,222,CZE
Papua New Guinea,Western Pacific,2014,2299,PNG
Switzerland,Europe,2014,23,CHE
Sweden,Europe,2014,26,SWE
France,Europe,2014,267,FRA
Denmark,Europe,2014,27,DNK
New Zealand,Western Pacific,2014,280,NZL
Bangladesh,South-East Asia,2014,289,BGD
Mali,Africa,2014,290,MLI
Democratic People's Republic of Korea,South-East Asia,2014,3,PRK
Madagascar,Africa,2014,3,MDG
Malawi,Africa,2014,3,MWI
Mexico,Americas,2014,3,MEX
Norway,Europe,2014,3,NOR
Bosnia and Herzegovina,Europe,2014,3000,BIH
Uganda,Africa,2014,314,UGA
Kyrgyzstan,Europe,2014,318,KGZ
Georgia,Europe,2014,3188,GEO
Senegal,Africa,2014,32,SEN
Kazakhstan,Europe,2014,321,KAZ
Gabon,Africa,2014,33,GAB
Ireland,Europe,2014,33,IRL
Lao People's Democratic Republic,Western Pacific,2014,339,LAO
Liberia,Africa,2014,34,LBR
Australia,Western Pacific,2014,340,AUS
Burkina Faso,Africa,2014,343,BFA
United Arab Emirates,Eastern Mediterranean,2014,344,ARE
Kenya,Africa,2014,354,KEN
Latvia,Europe,2014,36,LVA
Serbia,Europe,2014,37,SRB
Libya,Eastern Mediterranean,2014,372,LBY
Canada,Americas,2014,418,CAN
South Sudan,Africa,2014,441,SSD
Republic of Korea,Western Pacific,2014,442,KOR
Germany,Europe,2014,443,DEU
Bahrain,Eastern Mediterranean,2014,46,BHR
Qatar,Eastern Mediterranean,2014,46,QAT
Japan,Western Pacific,2014,462,JPN
Timor-Leste,South-East Asia,2014,47,TLS
Russian Federation,Europe,2014,4711,RUS
Namibia,Africa,2014,477,NAM
Afghanistan,Eastern Mediterranean,2014,492,AFG
Cote d'Ivoire,Africa,2014,50,CIV
Slovenia,Europe,2014,52,SVN
Kuwait,Eastern Mediterranean,2014,55,KWT
Türkiye,Europe,2014,565,TUR
Togo,Africa,2014,577,TGO
Romania,Europe,2014,59,ROU
Syrian Arab Republic,Eastern Mediterranean,2014,594,SYR
Israel,Europe,2014,6,ISR
Belarus,Europe,2014,64,BLR
South Africa,Africa,2014,66,ZAF
United States of America,Americas,2014,667,USA
Sudan,Eastern Mediterranean,2014,676,SDN
Nigeria,Africa,2014,6855,NGA
Belgium,Europe,2014,70,BEL
Congo,Africa,2014,71,COG
Benin,Africa,2014,786,BEN
Uzbekistan,Europe,2014,8,UZB
Yemen,Eastern Mediterranean,2014,815,YEM
Cameroon,Africa,2014,831,CMR
Brazil,Americas,2014,876,BRA
United Republic of Tanzania,Africa,2014,88,TZA
Mozambique,Africa,2014,9,MOZ
Zambia,Africa,2014,9,ZMB
Iran (Islamic Republic of),Eastern Mediterranean,2014,99,IRN
Albania,Europe,2013,0,ALB
Andorra,Europe,2013,0,AND
Antigua and Barbuda,Americas,2013,0,ATG
Argentina,Americas,2013,0,ARG
Bahamas,Americas,2013,0,BHS
Barbados,Americas,2013,0,BRB
Belize,Americas,2013,0,BLZ
Bhutan,South-East Asia,2013,0,BTN
Bolivia (Plurinational State of),Americas,2013,0,BOL
Burundi,Africa,2013,0,BDI
Cabo Verde,Africa,2013,0,CPV
Cambodia,Western Pacific,2013,0,KHM
Chile,Americas,2013,0,CHL
Comoros,Africa,2013,0,COM
Costa Rica,Americas,2013,0,CRI
Croatia,Europe,2013,0,HRV
Cyprus,Europe,2013,0,CYP
Democratic People's Republic of Korea,South-East Asia,2013,0,PRK
Dominica,Americas,2013,0,DMA
Dominican Republic,Americas,2013,0,DOM
Ecuador,Americas,2013,0,ECU
El Salvador,Americas,2013,0,SLV
Eswatini,Africa,2013,0,SWZ
Gambia,Africa,2013,0,GMB
Grenada,Americas,2013,0,GRD
Guam,Western Pacific,2013,0,GUM
Guatemala,Americas,2013,0,GTM
Guinea-Bissau,Africa,2013,0,GNB
Guyana,Americas,2013,0,GUY
Haiti,Americas,2013,0,HTI
Honduras,Americas,2013,0,HND
Iceland,Europe,2013,0,ISL
Jamaica,Americas,2013,0,JAM
Kiribati,Western Pacific,2013,0,KIR
Latvia,Europe,2013,0,LVA
Liberia,Africa,2013,0,LBR
Luxembourg,Europe,2013,0,LUX
Maldives,South-East Asia,2013,0,MDV
Mauritius,Africa,2013,0,MUS
Mexico,Americas,2013,0,MEX
Micronesia (Federated States of),Western Pacific,2013,0,FSM
Mongolia,Western Pacific,2013,0,MNG
Montenegro,Europe,2013,0,MNE
New Caledonia,Western Pacific,2013,0,NCL
Nicaragua,Americas,2013,0,NIC
Niue,Western Pacific,2013,0,NIU
Oman,Eastern Mediterranean,2013,0,OMN
Palau,Western Pacific,2013,0,PLW
Panama,Americas,2013,0,PAN
Paraguay,Americas,2013,0,PRY
Peru,Americas,2013,0,PER
Saint Kitts and Nevis,Americas,2013,0,KNA
Saint Lucia,Americas,2013,0,LCA
Saint Vincent and the Grenadines,Americas,2013,0,VCT
Sao Tome and Principe,Africa,2013,0,STP
Seychelles,Africa,2013,0,SYC
Slovakia,Europe,2013,0,SVK
Solomon Islands,Western Pacific,2013,0,SLB
Suriname,Americas,2013,0,SUR
Tonga,Western Pacific,2013,0,TON
Trinidad and Tobago,Americas,2013,0,TTO
Turkmenistan,Europe,2013,0,TKM
Uruguay,Americas,2013,0,URY
Uzbekistan,Europe,2013,0,UZB
Vanuatu,Western Pacific,2013,0,VUT
Venezuela (Bolivarian Republic of),Americas,2013,0,VEN
Wallis and Futuna Islands,Western Pacific,2013,0,WLF
Zimbabwe,Africa,2013,0,ZWE
Botswana,Africa,2013,1,BWA
"China, Macao Special Administrative Region",Global,2013,1,MAC
Colombia,Americas,2013,1,COL
Hungary,Europe,2013,1,HUN
Kyrgyzstan,Europe,2013,1,KGZ
Malawi,Africa,2013,1,MWI
Portugal,Europe,2013,1,PRT
Serbia,Europe,2013,1,SRB
Slovenia,Europe,2013,1,SVN
Tajikistan,Europe,2013,1,TJK
Armenia,Europe,2013,10,ARM
Myanmar,South-East Asia,2013,1010,MMR
Namibia,Africa,2013,1028,NAM
Republic of Korea,Western Pacific,2013,107,KOR
Viet Nam,Western Pacific,2013,1123,VNM
Romania,Europe,2013,1159,ROU
Saudi Arabia,Eastern Mediterranean,2013,1164,SAU
Papua New Guinea,Western Pacific,2013,12,PNG
Jordan,Eastern Mediterranean,2013,120,JOR
Gabon,Africa,2013,122,GAB
Niger,Africa,2013,1224,NER
Congo,Africa,2013,124,COG
Spain,Europe,2013,131,ESP
Singapore,Western Pacific,2013,138,SGP
Bulgaria,Europe,2013,14,BGR
Czechia,Europe,2013,15,CZE
Sierra Leone,Africa,2013,15,SLE
Australia,Western Pacific,2013,158,AUS
Belarus,Europe,2013,16,BLR
Tunisia,Eastern Mediterranean,2013,16,TUN
Azerbaijan,Europe,2013,164,AZE
Denmark,Europe,2013,17,DNK
Rwanda,Africa,2013,17,RWA
Senegal,Africa,2013,17,SEN
Switzerland,Europe,2013,175,CHE
Lebanon,Eastern Mediterranean,2013,1761,LBN
Germany,Europe,2013,1771,DEU
United Republic of Tanzania,Africa,2013,185,TZA
Nepal,South-East Asia,2013,1861,NPL
United States of America,Americas,2013,187,USA
Iran (Islamic Republic of),Eastern Mediterranean,2013,189,IRN
Kenya,Africa,2013,190,KEN
United Kingdom of Great Britain and Northern Ireland,Europe,2013,1919,GBR
Malaysia,Western Pacific,2013,195,MYS
Estonia,Europe,2013,2,EST
Finland,Europe,2013,2,FIN
Sri Lanka,South-East Asia,2013,2107,LKA
Brazil,Americas,2013,220,BRA
Mali,Africa,2013,221,MLI
Chad,Africa,2013,226,TCD
Japan,Western Pacific,2013,229,JPN
Russian Federation,Europe,2013,2339,RUS
Bangladesh,South-East Asia,2013,237,BGD
Algeria,Africa,2013,25,DZA
South Africa,Africa,2013,25,ZAF
Netherlands (Kingdom of the),Europe,2013,2632,NLD
Thailand,South-East Asia,2013,2641,THA
Republic of Moldova,Europe,2013,27,MDA
France,Europe,2013,272,FRA
Djibouti,Eastern Mediterranean,2013,28,DJI
Sudan,Eastern Mediterranean,2013,2813,SDN
Philippines,Western Pacific,2013,2920,PHL
Greece,Europe,2013,3,GRC
Somalia,Eastern Mediterranean,2013,3173,SOM
Ghana,Africa,2013,319,GHA
Equatorial Guinea,Africa,2013,321,GNQ
Lithuania,Europe,2013,35,LTU
Zambia,Africa,2013,35,ZMB
Burkina Faso,Africa,2013,375,BFA
Belgium,Europe,2013,39,BEL
North Macedonia,Europe,2013,4,MKD
Timor-Leste,South-East Asia,2013,4,TLS
Yemen,Eastern Mediterranean,2013,400,YEM
Egypt,Eastern Mediterranean,2013,405,EGY
Afghanistan,Eastern Mediterranean,2013,430,AFG
Eritrea,Africa,2013,45,ERI
Cote d'Ivoire,Africa,2013,48,CIV
Israel,Europe,2013,50,ISR
Ireland,Europe,2013,51,IRL
Sweden,Europe,2013,51,SWE
Lesotho,Africa,2013,516,LSO
South Sudan,Africa,2013,525,SSD
Ethiopia,Africa,2013,5253,ETH
Guinea,Africa,2013,53,GIN
Togo,Africa,2013,564,TGO
Central African Republic,Africa,2013,596,CAF
Madagascar,Africa,2013,6,MDG
Kuwait,Eastern Mediterranean,2013,62,KWT
Mauritania,Africa,2013,62,MRT
Benin,Africa,2013,637,BEN
Iraq,Eastern Mediterranean,2013,669,IRQ
Lao People's Democratic Republic,Western Pacific,2013,71,LAO
Kazakhstan,Europe,2013,73,KAZ
Qatar,Eastern Mediterranean,2013,73,QAT
Syrian Arab Republic,Eastern Mediterranean,2013,740,SYR
Türkiye,Europe,2013,7405,TUR
Cameroon,Africa,2013,760,CMR
Georgia,Europe,2013,7872,GEO
Uganda,Africa,2013,7878,UGA
"China, Hong Kong Special Administrative Region",Global,2013,8,HKG
Mozambique,Africa,2013,8,MOZ
New Zealand,Western Pacific,2013,8,NZL
Norway,Europe,2013,8,NOR
India,South-East Asia,2013,8285,IND
Canada,Americas,2013,83,CAN
Poland,Europe,2013,84,POL
Indonesia,South-East Asia,2013,8419,IDN
Angola,Africa,2013,8523,AGO
Pakistan,Eastern Mediterranean,2013,8749,PAK
Morocco,Eastern Mediterranean,2013,92,MAR
Andorra,Europe,2012,0,AND
Antigua and Barbuda,Americas,2012,0,ATG
Armenia,Europe,2012,0,ARM
Azerbaijan,Europe,2012,0,AZE
Bahamas,Americas,2012,0,BHS
Bahrain,Eastern Mediterranean,2012,0,BHR
Barbados,Americas,2012,0,BRB
Belize,Americas,2012,0,BLZ
Bolivia (Plurinational State of),Americas,2012,0,BOL
Cabo Verde,Africa,2012,0,CPV
Chile,Americas,2012,0,CHL
Cook Islands,Western Pacific,2012,0,COK
Costa Rica,Americas,2012,0,CRI
Cuba,Americas,2012,0,CUB
Democratic People's Republic of Korea,South-East Asia,2012,0,PRK
Dominica,Americas,2012,0,DMA
Dominican Republic,Americas,2012,0,DOM
El Salvador,Americas,2012,0,SLV
Eswatini,Africa,2012,0,SWZ
Fiji,Western Pacific,2012,0,FJI
Gambia,Africa,2012,0,GMB
Grenada,Americas,2012,0,GRD
Guam,Western Pacific,2012,0,GUM
Guatemala,Americas,2012,0,GTM
Guinea-Bissau,Africa,2012,0,GNB
Guyana,Americas,2012,0,GUY
Haiti,Americas,2012,0,HTI
Honduras,Americas,2012,0,HND
Iceland,Europe,2012,0,ISL
Jamaica,Americas,2012,0,JAM
Kiribati,Western Pacific,2012,0,KIR
Kyrgyzstan,Europe,2012,0,KGZ
Lithuania,Europe,2012,0,LTU
Maldives,South-East Asia,2012,0,MDV
Marshall Islands,Western Pacific,2012,0,MHL
Mauritius,Africa,2012,0,MUS
Mexico,Americas,2012,0,MEX
Micronesia (Federated States of),Western Pacific,2012,0,FSM
Mongolia,Western Pacific,2012,0,MNG
Montenegro,Europe,2012,0,MNE
New Caledonia,Western Pacific,2012,0,NCL
Nicaragua,Americas,2012,0,NIC
Niue,Western Pacific,2012,0,NIU
Palau,Western Pacific,2012,0,PLW
Panama,Americas,2012,0,PAN
Papua New Guinea,Western Pacific,2012,0,PNG
Paraguay,Americas,2012,0,PRY
Peru,Americas,2012,0,PER
Saint Kitts and Nevis,Americas,2012,0,KNA
Saint Lucia,Americas,2012,0,LCA
Saint Vincent and the Grenadines,Americas,2012,0,VCT
Sao Tome and Principe,Africa,2012,0,STP
Serbia,Europe,2012,0,SRB
Seychelles,Africa,2012,0,SYC
Slovakia,Europe,2012,0,SVK
Solomon Islands,Western Pacific,2012,0,SLB
Suriname,Americas,2012,0,SUR
Tonga,Western Pacific,2012,0,TON
Trinidad and Tobago,Americas,2012,0,TTO
Turkmenistan,Europe,2012,0,TKM
Tuvalu,Western Pacific,2012,0,TUV
Uruguay,Americas,2012,0,URY
Vanuatu,Western Pacific,2012,0,VUT
Wallis and Futuna Islands,Western Pacific,2012,0,WLF
Zimbabwe,Africa,2012,0,ZWE
Bhutan,South-East Asia,2012,1,BTN
Brunei Darussalam,Western Pacific,2012,1,BRN
Bulgaria,Europe,2012,1,BGR
"China, Macao Special Administrative Region",Global,2012,1,MAC
Colombia,Americas,2012,1,COL
Comoros,Africa,2012,1,COM
Cyprus,Europe,2012,1,CYP
Samoa,Western Pacific,2012,1,WSM
San Marino,Europe,2012,1,SMR
Venezuela (Bolivarian Republic of),Americas,2012,1,VEN
Belarus,Europe,2012,10,BLR
Canada,Americas,2012,10,CAN
Netherlands (Kingdom of the),Europe,2012,10,NLD
Ireland,Europe,2012,107,IRL
Belgium,Europe,2012,109,BEL
Malawi,Africa,2012,11,MWI
Nauru,Western Pacific,2012,11,NRU
Republic of Moldova,Europe,2012,11,MDA
Equatorial Guinea,Africa,2012,1190,GNQ
Chad,Africa,2012,120,TCD
Spain,Europe,2012,1204,ESP
Oman,Eastern Mediterranean,2012,13,OMN
Syrian Arab Republic,Eastern Mediterranean,2012,13,SYR
United Arab Emirates,Eastern Mediterranean,2012,132,ARE
Cote d'Ivoire,Africa,2012,137,CIV
Central African Republic,Africa,2012,141,CAF
Mozambique,Africa,2012,145,MOZ
Cambodia,Western Pacific,2012,15,KHM
Iraq,Eastern Mediterranean,2012,15,IRQ
Philippines,Western Pacific,2012,1536,PHL
Tajikistan,Europe,2012,16,TJK
Timor-Leste,South-East Asia,2012,16,TLS
Qatar,Eastern Mediterranean,2012,160,QAT
Ghana,Africa,2012,1613,GHA
Germany,Europe,2012,166,DEU
United Republic of Tanzania,Africa,2012,1668,TZA
Lesotho,Africa,2012,179,LSO
Algeria,Africa,2012,18,DZA
Malaysia,Western Pacific,2012,1868,MYS
Eritrea,Africa,2012,194,ERI
South Sudan,Africa,2012,1952,SSD
Bangladesh,South-East Asia,2012,1986,BGD
Australia,Western Pacific,2012,199,AUS
Argentina,Americas,2012,2,ARG
Brazil,Americas,2012,2,BRA
Croatia,Europe,2012,2,HRV
Denmark,Europe,2012,2,DNK
Gabon,Africa,2012,2,GAB
Hungary,Europe,2012,2,HUN
Luxembourg,Europe,2012,2,LUX
Madagascar,Africa,2012,2,MDG
Republic of Korea,Western Pacific,2012,2,KOR
Slovenia,Europe,2012,2,SVN
Uganda,Africa,2012,2027,UGA
United Kingdom of Great Britain and Northern Ireland,Europe,2012,2092,GBR
Israel,Europe,2012,211,ISR
Russian Federation,Europe,2012,2123,RUS
Myanmar,South-East Asia,2012,2175,MMR
Yemen,Eastern Mediterranean,2012,2177,YEM
Bosnia and Herzegovina,Europe,2012,22,BIH
Czechia,Europe,2012,22,CZE
Japan,Western Pacific,2012,228,JPN
Portugal,Europe,2012,23,PRT
Togo,Africa,2012,238,TGO
Egypt,Eastern Mediterranean,2012,245,EGY
Congo,Africa,2012,260,COG
Kuwait,Eastern Mediterranean,2012,27,KWT
Niger,Africa,2012,272,NER
Afghanistan,Eastern Mediterranean,2012,2787,AFG
Benin,Africa,2012,288,BEN
Saudi Arabia,Eastern Mediterranean,2012,294,SAU
Greece,Europe,2012,3,GRC
Jordan,Eastern Mediterranean,2012,3,JOR
Latvia,Europe,2012,3,LVA
Sweden,Europe,2012,30,SWE
Georgia,Europe,2012,31,GEO
Lao People's Democratic Republic,Western Pacific,2012,32,LAO
South Africa,Africa,2012,32,ZAF
Libya,Eastern Mediterranean,2012,320,LBY
India,South-East Asia,2012,3305,IND
Iran (Islamic Republic of),Eastern Mediterranean,2012,332,IRN
Nepal,South-East Asia,2012,3362,NPL
Mali,Africa,2012,341,MLI
Türkiye,Europe,2012,349,TUR
Mauritania,Africa,2012,35,MRT
Austria,Europe,2012,36,AUT
Italy,Europe,2012,376,ITA
Estonia,Europe,2012,4,EST
Norway,Europe,2012,4,NOR
Singapore,Western Pacific,2012,42,SGP
Liberia,Africa,2012,43,LBR
Ethiopia,Africa,2012,4347,ETH
Angola,Africa,2012,4458,AGO
Senegal,Africa,2012,46,SEN
Tunisia,Eastern Mediterranean,2012,48,TUN
Burundi,Africa,2012,49,BDI
Monaco,Europe,2012,5,MCO
Sri Lanka,South-East Asia,2012,51,LKA
Thailand,South-East Asia,2012,5197,THA
Kazakhstan,Europe,2012,55,KAZ
United States of America,Americas,2012,55,USA
Viet Nam,Western Pacific,2012,578,VNM
Guinea,Africa,2012,6,GIN
Cameroon,Africa,2012,609,CMR
Switzerland,Europe,2012,61,CHE
China,Western Pacific,2012,6183,CHN
Nigeria,Africa,2012,6447,NGA
Morocco,Eastern Mediterranean,2012,668,MAR
Sierra Leone,Africa,2012,678,SLE
New Zealand,Western Pacific,2012,68,NZL
Botswana,Africa,2012,7,BWA
North Macedonia,Europe,2012,7,MKD
Djibouti,Eastern Mediterranean,2012,709,DJI
Poland,Europe,2012,71,POL
Ecuador,Americas,2012,72,ECU
Burkina Faso,Africa,2012,7362,BFA
Romania,Europe,2012,7450,ROU
Rwanda,Africa,2012,75,RWA
"China, Hong Kong Special Administrative Region",Global,2012,8,HKG
Pakistan,Eastern Mediterranean,2012,8046,PAK
Sudan,Eastern Mediterranean,2012,8523,SDN
Namibia,Africa,2012,86,NAM
Zambia,Africa,2012,896,ZMB
Albania,Europe,2012,9,ALB
Lebanon,Eastern Mediterranean,2012,9,LBN
Somalia,Eastern Mediterranean,2012,9983,SOM
American Samoa,Western Pacific,2011,0,ASM
Andorra,Europe,2011,0,AND
Antigua and Barbuda,Americas,2011,0,ATG
Armenia,Europe,2011,0,ARM
Azerbaijan,Europe,2011,0,AZE
Bahamas,Americas,2011,0,BHS
Bahrain,Eastern Mediterranean,2011,0,BHR
Barbados,Americas,2011,0,BRB
Belize,Americas,2011,0,BLZ
Bolivia (Plurinational State of),Americas,2011,0,BOL
Cabo Verde,Africa,2011,0,CPV
Cook Islands,Western Pacific,2011,0,COK
Costa Rica,Americas,2011,0,CRI
Cuba,Americas,2011,0,CUB
Cyprus,Europe,2011,0,CYP
Democratic People's Republic of Korea,South-East Asia,2011,0,PRK
Dominica,Americas,2011,0,DMA
El Salvador,Americas,2011,0,SLV
Equatorial Guinea,Africa,2011,0,GNQ
Eswatini,Africa,2011,0,SWZ
French Polynesia,Western Pacific,2011,0,PYF
Gambia,Africa,2011,0,GMB
Grenada,Americas,2011,0,GRD
Guatemala,Americas,2011,0,GTM
Guinea-Bissau,Africa,2011,0,GNB
Guyana,Americas,2011,0,GUY
Haiti,Americas,2011,0,HTI
Honduras,Americas,2011,0,HND
Iceland,Europe,2011,0,ISL
Jordan,Eastern Mediterranean,2011,0,JOR
Kiribati,Western Pacific,2011,0,KIR
Madagascar,Africa,2011,0,MDG
Maldives,South-East Asia,2011,0,MDV
Marshall Islands,Western Pacific,2011,0,MHL
Micronesia (Federated States of),Western Pacific,2011,0,FSM
Mongolia,Western Pacific,2011,0,MNG
Nauru,Western Pacific,2011,0,NRU
New Caledonia,Western Pacific,2011,0,NCL
Nicaragua,Americas,2011,0,NIC
Niue,Western Pacific,2011,0,NIU
Northern Mariana Islands,Western Pacific,2011,0,MNP
Palau,Western Pacific,2011,0,PLW
Papua New Guinea,Western Pacific,2011,0,PNG
Paraguay,Americas,2011,0,PRY
Peru,Americas,2011,0,PER
Republic of Moldova,Europe,2011,0,MDA
Saint Kitts and Nevis,Americas,2011,0,KNA
Saint Lucia,Americas,2011,0,LCA
Saint Vincent and the Grenadines,Americas,2011,0,VCT
Samoa,Western Pacific,2011,0,WSM
San Marino,Europe,2011,0,SMR
Sao Tome and Principe,Africa,2011,0,STP
Seychelles,Africa,2011,0,SYC
Slovakia,Europe,2011,0,SVK
Solomon Islands,Western Pacific,2011,0,SLB
Suriname,Americas,2011,0,SUR
Tokelau,Western Pacific,2011,0,TKL
Tonga,Western Pacific,2011,0,TON
Trinidad and Tobago,Americas,2011,0,TTO
Turkmenistan,Europe,2011,0,TKM
Tuvalu,Western Pacific,2011,0,TUV
Uruguay,Americas,2011,0,URY
Vanuatu,Western Pacific,2011,0,VUT
Venezuela (Bolivarian Republic of),Americas,2011,0,VEN
Zimbabwe,Africa,2011,0,ZWE
"China, Macao Special Administrative Region",Global,2011,1,MAC
Guam,Western Pacific,2011,1,GUM
Jamaica,Americas,2011,1,JAM
Latvia,Europe,2011,1,LVA
Tajikistan,Europe,2011,1,TJK
Bhutan,South-East Asia,2011,10,BTN
Bosnia and Herzegovina,Europe,2011,10,BIH
Qatar,Eastern Mediterranean,2011,101,QAT
Guinea,Africa,2011,11,GIN
Tunisia,Eastern Mediterranean,2011,11,TUN
Türkiye,Europe,2011,111,TUR
United Kingdom of Great Britain and Northern Ireland,Europe,2011,1112,GBR
Algeria,Africa,2011,112,DZA
Lao People's Democratic Republic,Western Pacific,2011,113,LAO
Croatia,Europe,2011,12,HRV
Ghana,Africa,2011,120,GHA
South Sudan,Africa,2011,1256,SSD
Kazakhstan,Europe,2011,127,KAZ
Burundi,Africa,2011,129,BDI
"China, Hong Kong Special Administrative Region",Global,2011,13,HKG
Syrian Arab Republic,Eastern Mediterranean,2011,13,SYR
Ukraine,Europe,2011,1333,UKR
Angola,Africa,2011,1449,AGO
Singapore,Western Pacific,2011,148,SGP
Iraq,Eastern Mediterranean,2011,15,IRQ
Malaysia,Western Pacific,2011,1569,MYS
Bulgaria,Europe,2011,157,BGR
Germany,Europe,2011,1607,DEU
United Republic of Tanzania,Africa,2011,1622,TZA
Czechia,Europe,2011,17,CZE
Lesotho,Africa,2011,172,LSO
Mozambique,Africa,2011,177,MOZ
Senegal,Africa,2011,18,SEN
Sierra Leone,Africa,2011,1865,SLE
Togo,Africa,2011,187,TGO
Australia,Western Pacific,2011,190,AUS
Dominican Republic,Americas,2011,2,DOM
Gabon,Africa,2011,2,GAB
Mauritius,Africa,2011,2,MUS
Portugal,Europe,2011,2,PRT
Myanmar,South-East Asia,2011,2046,MMR
Slovenia,Europe,2011,22,SVN
United States of America,Americas,2011,220,USA
Kyrgyzstan,Europe,2011,222,KGZ
Mauritania,Africa,2011,234,MRT
Nepal,South-East Asia,2011,2359,NPL
Kenya,Africa,2011,2395,KEN
Mali,Africa,2011,24,MLI
Ecuador,Americas,2011,257,ECU
Egypt,Eastern Mediterranean,2011,26,EGY
Malawi,Africa,2011,26,MWI
Sweden,Europe,2011,26,SWE
Yemen,Eastern Mediterranean,2011,2676,YEM
Finland,Europe,2011,27,FIN
Liberia,Africa,2011,279,LBR
Albania,Europe,2011,28,ALB
Ireland,Europe,2011,285,IRL
Argentina,Americas,2011,3,ARG
Comoros,Africa,2011,3,COM
Malta,Europe,2011,3,MLT
Mexico,Americas,2011,3,MEX
Afghanistan,Eastern Mediterranean,2011,3013,AFG
Rwanda,Africa,2011,31,RWA
Congo,Africa,2011,315,COG
Thailand,South-East Asia,2011,3156,THA
Kuwait,Eastern Mediterranean,2011,32,KWT
Ethiopia,Africa,2011,3255,ETH
Uganda,Africa,2011,3312,UGA
Saudi Arabia,Eastern Mediterranean,2011,362,SAU
Serbia,Europe,2011,370,SRB
Spain,Europe,2011,3802,ESP
Norway,Europe,2011,39,NOR
Brunei Darussalam,Western Pacific,2011,4,BRN
Panama,Americas,2011,4,PAN
Greece,Europe,2011,40,GRC
Romania,Europe,2011,4189,ROU
Republic of Korea,Western Pacific,2011,42,KOR
Benin,Africa,2011,426,BEN
Brazil,Americas,2011,43,BRA
Japan,Western Pacific,2011,434,JPN
Pakistan,Eastern Mediterranean,2011,4386,PAK
Uzbekistan,Europe,2011,476,UZB
Eritrea,Africa,2011,48,ERI
Djibouti,Eastern Mediterranean,2011,49,DJI
Hungary,Europe,2011,5,HUN
Montenegro,Europe,2011,5,MNE
Oman,Eastern Mediterranean,2011,5,OMN
Belarus,Europe,2011,50,BLR
Cameroon,Africa,2011,504,CMR
Netherlands (Kingdom of the),Europe,2011,51,NLD
Italy,Europe,2011,5189,ITA
Sudan,Eastern Mediterranean,2011,5616,SDN
Bangladesh,South-East Asia,2011,5625,BGD
Belgium,Europe,2011,576,BEL
New Zealand,Western Pacific,2011,597,NZL
Chile,Americas,2011,6,CHL
Colombia,Americas,2011,6,COL
Luxembourg,Europe,2011,6,LUX
Sri Lanka,South-East Asia,2011,60,LKA
Switzerland,Europe,2011,621,CHE
Cote d'Ivoire,Africa,2011,628,CIV
Russian Federation,Europe,2011,629,RUS
Georgia,Europe,2011,64,GEO
Philippines,Western Pacific,2011,6538,PHL
Central African Republic,Africa,2011,679,CAF
Austria,Europe,2011,68,AUT
Estonia,Europe,2011,7,EST
Lithuania,Europe,2011,7,LTU
Israel,Europe,2011,70,ISR
North Macedonia,Europe,2011,701,MKD
Cambodia,Western Pacific,2011,722,KHM
Iran (Islamic Republic of),Eastern Mediterranean,2011,73,IRN
Viet Nam,Western Pacific,2011,750,VNM
Timor-Leste,South-East Asia,2011,763,TLS
Niger,Africa,2011,771,NER
Namibia,Africa,2011,79,NAM
Botswana,Africa,2011,8,BWA
Canada,Americas,2011,803,CAN
Denmark,Europe,2011,84,DNK
Burkina Faso,Africa,2011,860,BFA
Chad,Africa,2011,8650,TCD
Lebanon,Eastern Mediterranean,2011,9,LBN
South Africa,Africa,2011,92,ZAF
Morocco,Eastern Mediterranean,2011,982,MAR
China,Western Pacific,2011,9943,CHN
Andorra,Europe,2010,0,AND
Antigua and Barbuda,Americas,2010,0,ATG
Azerbaijan,Europe,2010,0,AZE
Bahamas,Americas,2010,0,BHS
Bahrain,Eastern Mediterranean,2010,0,BHR
Barbados,Americas,2010,0,BRB
Belize,Americas,2010,0,BLZ
Bolivia (Plurinational State of),Americas,2010,0,BOL
Brunei Darussalam,Western Pacific,2010,0,BRN
Cabo Verde,Africa,2010,0,CPV
Chile,Americas,2010,0,CHL
Colombia,Americas,2010,0,COL
Comoros,Africa,2010,0,COM
Cook Islands,Western Pacific,2010,0,COK
Costa Rica,Americas,2010,0,CRI
Cuba,Americas,2010,0,CUB
Czechia,Europe,2010,0,CZE
Democratic People's Republic of Korea,South-East Asia,2010,0,PRK
Dominica,Americas,2010,0,DMA
Dominican Republic,Americas,2010,0,DOM
Ecuador,Americas,2010,0,ECU
El Salvador,Americas,2010,0,SLV
Equatorial Guinea,Africa,2010,0,GNQ
Estonia,Europe,2010,0,EST
Fiji,Western Pacific,2010,0,FJI
French Polynesia,Western Pacific,2010,0,PYF
Grenada,Americas,2010,0,GRD
Guam,Western Pacific,2010,0,GUM
Guatemala,Americas,2010,0,GTM
Guyana,Americas,2010,0,GUY
Haiti,Americas,2010,0,HTI
Honduras,Americas,2010,0,HND
Hungary,Europe,2010,0,HUN
Iceland,Europe,2010,0,ISL
Jamaica,Americas,2010,0,JAM
Jordan,Eastern Mediterranean,2010,0,JOR
Kiribati,Western Pacific,2010,0,KIR
Kyrgyzstan,Europe,2010,0,KGZ
Latvia,Europe,2010,0,LVA
Luxembourg,Europe,2010,0,LUX
Maldives,South-East Asia,2010,0,MDV
Malta,Europe,2010,0,MLT
Marshall Islands,Western Pacific,2010,0,MHL
Mexico,Americas,2010,0,MEX
New Caledonia,Western Pacific,2010,0,NCL
Nicaragua,Americas,2010,0,NIC
Niue,Western Pacific,2010,0,NIU
Northern Mariana Islands,Western Pacific,2010,0,MNP
Palau,Western Pacific,2010,0,PLW
Panama,Americas,2010,0,PAN
Papua New Guinea,Western Pacific,2010,0,PNG
Paraguay,Americas,2010,0,PRY
Peru,Americas,2010,0,PER
Republic of Moldova,Europe,2010,0,MDA
Saint Kitts and Nevis,Americas,2010,0,KNA
Saint Lucia,Americas,2010,0,LCA
Saint Vincent and the Grenadines,Americas,2010,0,VCT
San Marino,Europe,2010,0,SMR
Sao Tome and Principe,Africa,2010,0,STP
Seychelles,Africa,2010,0,SYC
Slovakia,Europe,2010,0,SVK
Solomon Islands,Western Pacific,2010,0,SLB
Suriname,Americas,2010,0,SUR
Tajikistan,Europe,2010,0,TJK
Tokelau,Western Pacific,2010,0,TKL
Tonga,Western Pacific,2010,0,TON
Trinidad and Tobago,Americas,2010,0,TTO
Turkmenistan,Europe,2010,0,TKM
Tuvalu,Western Pacific,2010,0,TUV
Uruguay,Americas,2010,0,URY
Vanuatu,Western Pacific,2010,0,VUT
Venezuela (Bolivarian Republic of),Americas,2010,0,VEN
Belarus,Europe,2010,1,BLR
Gabon,Africa,2010,1,GAB
Madagascar,Africa,2010,1,MDG
"occupied Palestinian territory, including east Jerusalem",Eastern Mediterranean,2010,1,PSE
Tunisia,Eastern Mediterranean,2010,1,TUN
Albania,Europe,2010,10,ALB
Algeria,Africa,2010,103,DZA
Sierra Leone,Africa,2010,1089,SLE
Republic of Korea,Western Pacific,2010,114,KOR
Somalia,Eastern Mediterranean,2010,115,SOM
Cambodia,Western Pacific,2010,1156,KHM
Uzbekistan,Europe,2010,117,UZB
Angola,Africa,2010,1190,AGO
Lebanon,Eastern Mediterranean,2010,12,LBN
Mauritius,Africa,2010,12,MUS
Togo,Africa,2010,120,TGO
Rwanda,Africa,2010,121,RWA
Russian Federation,Europe,2010,129,RUS
Mauritania,Africa,2010,1292,MRT
"China, Hong Kong Special Administrative Region",Global,2010,13,HKG
Kuwait,Eastern Mediterranean,2010,13,KWT
Poland,Europe,2010,13,POL
Uganda,Africa,2010,1313,UGA
Greece,Europe,2010,149,GRC
Netherlands (Kingdom of the),Europe,2010,15,NLD
Lao People's Democratic Republic,Western Pacific,2010,153,LAO
Egypt,Eastern Mediterranean,2010,16,EGY
United Republic of Tanzania,Africa,2010,167,TZA
Argentina,Americas,2010,17,ARG
Mali,Africa,2010,1719,MLI
Cyprus,Europe,2010,18,CYP
Myanmar,South-East Asia,2010,190,MMR
Nepal,South-East Asia,2010,190,NPL
Romania,Europe,2010,193,ROU
Chad,Africa,2010,194,TCD
Afghanistan,Eastern Mediterranean,2010,1989,AFG
Armenia,Europe,2010,2,ARM
Central African Republic,Africa,2010,2,CAF
Gambia,Africa,2010,2,GMB
Lithuania,Europe,2010,2,LTU
Slovenia,Europe,2010,2,SVN
Serbia,Europe,2010,20,SRB
Bhutan,South-East Asia,2010,21,BTN
North Macedonia,Europe,2010,217,MKD
Georgia,Europe,2010,22,GEO
Liberia,Africa,2010,2200,LBR
Israel,Europe,2010,23,ISR
Mozambique,Africa,2010,2321,MOZ
Cameroon,Africa,2010,240,CMR
Lesotho,Africa,2010,2488,LSO
Burkina Faso,Africa,2010,2511,BFA
Thailand,South-East Asia,2010,2583,THA
Guinea-Bissau,Africa,2010,26,GNB
Syrian Arab Republic,Eastern Mediterranean,2010,26,SYR
Viet Nam,Western Pacific,2010,2809,VNM
Qatar,Eastern Mediterranean,2010,295,QAT
Norway,Europe,2010,3,NOR
Oman,Eastern Mediterranean,2010,3,OMN
Spain,Europe,2010,302,ESP
Eswatini,Africa,2010,313,SWZ
Namibia,Africa,2010,3138,NAM
Saudi Arabia,Eastern Mediterranean,2010,334,SAU
Italy,Europe,2010,372,ITA
Niger,Africa,2010,372,NER
Ukraine,Europe,2010,39,UKR
Benin,Africa,2010,392,BEN
Congo,Africa,2010,4,COG
Kazakhstan,Europe,2010,4,KAZ
Belgium,Europe,2010,40,BEL
Ethiopia,Africa,2010,4235,ETH
Senegal,Africa,2010,428,SEN
New Zealand,Western Pacific,2010,43,NZL
Pakistan,Eastern Mediterranean,2010,4321,PAK
Cote d'Ivoire,Africa,2010,441,CIV
Ireland,Europe,2010,443,IRL
United Kingdom of Great Britain and Northern Ireland,Europe,2010,443,GBR
Bosnia and Herzegovina,Europe,2010,45,BIH
Guinea,Africa,2010,45,GIN
Japan,Western Pacific,2010,450,JPN
Iraq,Eastern Mediterranean,2010,492,IRQ
Burundi,Africa,2010,495,BDI
Denmark,Europe,2010,5,DNK
Finland,Europe,2010,5,FIN
Montenegro,Europe,2010,5,MNE
Portugal,Europe,2010,5,PRT
Singapore,Western Pacific,2010,50,SGP
Timor-Leste,South-East Asia,2010,50,TLS
France,Europe,2010,5048,FRA
Eritrea,Africa,2010,51,ERI
Yemen,Eastern Mediterranean,2010,510,YEM
Austria,Europe,2010,52,AUT
Iran (Islamic Republic of),Eastern Mediterranean,2010,538,IRN
Democratic Republic of the Congo,Africa,2010,5407,COD
Sweden,Europe,2010,6,SWE
United States of America,Americas,2010,63,USA
Morocco,Eastern Mediterranean,2010,633,MAR
Philippines,Western Pacific,2010,6368,PHL
Ghana,Africa,2010,641,GHA
Brazil,Americas,2010,68,BRA
Sudan,Eastern Mediterranean,2010,680,SDN
Croatia,Europe,2010,7,HRV
Djibouti,Eastern Mediterranean,2010,7,DJI
Mongolia,Western Pacific,2010,7,MNG
Türkiye,Europe,2010,7,TUR
Australia,Western Pacific,2010,70,AUS
Malaysia,Western Pacific,2010,73,MYS
Switzerland,Europe,2010,77,CHE
Germany,Europe,2010,780,DEU
Bangladesh,South-East Asia,2010,788,BGD
Sri Lanka,South-East Asia,2010,79,LKA
Samoa,Western Pacific,2010,8,WSM
Nigeria,Africa,2010,8491,NGA
Botswana,Africa,2010,853,BWA
United Arab Emirates,Eastern Mediterranean,2010,87,ARE
Kenya,Africa,2010,95,KEN
Zimbabwe,Africa,2010,9696,ZWE
Canada,Americas,2010,99,CAN
Albania,Europe,2009,0,ALB
Andorra,Europe,2009,0,AND
Antigua and Barbuda,Americas,2009,0,ATG
Armenia,Europe,2009,0,ARM
Bahamas,Americas,2009,0,BHS
Barbados,Americas,2009,0,BRB
Belarus,Europe,2009,0,BLR
Belize,Americas,2009,0,BLZ
Bolivia (Plurinational State of),Americas,2009,0,BOL
Brazil,Americas,2009,0,BRA
Cabo Verde,Africa,2009,0,CPV
"China, Macao Special Administrative Region",Global,2009,0,MAC
Colombia,Americas,2009,0,COL
Cook Islands,Western Pacific,2009,0,COK
Costa Rica,Americas,2009,0,CRI
Cuba,Americas,2009,0,CUB
Cyprus,Europe,2009,0,CYP
Democratic People's Republic of Korea,South-East Asia,2009,0,PRK
Dominica,Americas,2009,0,DMA
Dominican Republic,Americas,2009,0,DOM
Ecuador,Americas,2009,0,ECU
El Salvador,Americas,2009,0,SLV
Estonia,Europe,2009,0,EST
French Polynesia,Western Pacific,2009,0,PYF
Gabon,Africa,2009,0,GAB
Gambia,Africa,2009,0,GMB
Grenada,Americas,2009,0,GRD
Guam,Western Pacific,2009,0,GUM
Guatemala,Americas,2009,0,GTM
Guinea-Bissau,Africa,2009,0,GNB
Guyana,Americas,2009,0,GUY
Haiti,Americas,2009,0,HTI
Honduras,Americas,2009,0,HND
Iceland,Europe,2009,0,ISL
Jamaica,Americas,2009,0,JAM
Jordan,Eastern Mediterranean,2009,0,JOR
Kazakhstan,Europe,2009,0,KAZ
Kiribati,Western Pacific,2009,0,KIR
Latvia,Europe,2009,0,LVA
Lesotho,Africa,2009,0,LSO
Lithuania,Europe,2009,0,LTU
Luxembourg,Europe,2009,0,LUX
Madagascar,Africa,2009,0,MDG
Marshall Islands,Western Pacific,2009,0,MHL
Mexico,Americas,2009,0,MEX
Micronesia (Federated States of),Western Pacific,2009,0,FSM
Montenegro,Europe,2009,0,MNE
Nauru,Western Pacific,2009,0,NRU
New Caledonia,Western Pacific,2009,0,NCL
Nicaragua,Americas,2009,0,NIC
Niue,Western Pacific,2009,0,NIU
Northern Mariana Islands,Western Pacific,2009,0,MNP
Palau,Western Pacific,2009,0,PLW
Panama,Americas,2009,0,PAN
Papua New Guinea,Western Pacific,2009,0,PNG
Paraguay,Americas,2009,0,PRY
Peru,Americas,2009,0,PER
Republic of Moldova,Europe,2009,0,MDA
Saint Kitts and Nevis,Americas,2009,0,KNA
Saint Lucia,Americas,2009,0,LCA
Saint Vincent and the Grenadines,Americas,2009,0,VCT
Samoa,Western Pacific,2009,0,WSM
San Marino,Europe,2009,0,SMR
Sao Tome and Principe,Africa,2009,0,STP
Seychelles,Africa,2009,0,SYC
Slovakia,Europe,2009,0,SVK
Slovenia,Europe,2009,0,SVN
Solomon Islands,Western Pacific,2009,0,SLB
Suriname,Americas,2009,0,SUR
Tajikistan,Europe,2009,0,TJK
Tokelau,Western Pacific,2009,0,TKL
Tonga,Western Pacific,2009,0,TON
Trinidad and Tobago,Americas,2009,0,TTO
Turkmenistan,Europe,2009,0,TKM
Tuvalu,Western Pacific,2009,0,TUV
Uruguay,Americas,2009,0,URY
Uzbekistan,Europe,2009,0,UZB
Vanuatu,Western Pacific,2009,0,VUT
Venezuela (Bolivarian Republic of),Americas,2009,0,VEN
Chile,Americas,2009,1,CHL
Comoros,Africa,2009,1,COM
Congo,Africa,2009,1,COG
Fiji,Western Pacific,2009,1,FJI
Hungary,Europe,2009,1,HUN
Kyrgyzstan,Europe,2009,1,KGZ
Malta,Europe,2009,1,MLT
Serbia,Europe,2009,1,SRB
Tunisia,Eastern Mediterranean,2009,1,TUN
Timor-Leste,South-East Asia,2009,10,TLS
Ghana,Africa,2009,101,GHA
Russian Federation,Europe,2009,101,RUS
Australia,Western Pacific,2009,104,AUS
Algeria,Africa,2009,107,DZA
Central African Republic,Africa,2009,11,CAF
Qatar,Eastern Mediterranean,2009,112,QAT
Poland,Europe,2009,115,POL
Ethiopia,Africa,2009,1176,ETH
United Kingdom of Great Britain and Northern Ireland,Europe,2009,1212,GBR
Kenya,Africa,2009,1218,KEN
Nigeria,Africa,2009,1272,NGA
Somalia,Eastern Mediterranean,2009,13,SOM
Yemen,Eastern Mediterranean,2009,130,YEM
Canada,Americas,2009,14,CAN
Benin,Africa,2009,1461,BEN
Philippines,Western Pacific,2009,1469,PHL
Mauritius,Africa,2009,15,MUS
Netherlands (Kingdom of the),Europe,2009,15,NLD
Malaysia,Western Pacific,2009,153,MYS
France,Europe,2009,1541,FRA
United Republic of Tanzania,Africa,2009,1574,TZA
Singapore,Western Pacific,2009,16,SGP
Uganda,Africa,2009,1601,UGA
Ireland,Europe,2009,164,IRL
Chad,Africa,2009,165,TCD
Republic of Korea,Western Pacific,2009,17,KOR
Cote d'Ivoire,Africa,2009,183,CIV
Botswana,Africa,2009,184,BWA
Nepal,South-East Asia,2009,189,NPL
Oman,Eastern Mediterranean,2009,19,OMN
New Zealand,Western Pacific,2009,198,NZL
Brunei Darussalam,Western Pacific,2009,2,BRN
Croatia,Europe,2009,2,HRV
Finland,Europe,2009,2,FIN
Greece,Europe,2009,2,GRC
Norway,Europe,2009,2,NOR
Malawi,Africa,2009,21,MWI
Sri Lanka,South-East Asia,2009,21,LKA
Bosnia and Herzegovina,Europe,2009,22,BIH
"China, Hong Kong Special Administrative Region",Global,2009,22,HKG
Lebanon,Eastern Mediterranean,2009,22,LBN
Syrian Arab Republic,Eastern Mediterranean,2009,22,SYR
Bulgaria,Europe,2009,2249,BGR
Georgia,Europe,2009,23,GEO
Cameroon,Africa,2009,251,CMR
Eswatini,Africa,2009,26,SWZ
Zambia,Africa,2009,26,ZMB
Iran (Islamic Republic of),Eastern Mediterranean,2009,262,IRN
Guinea,Africa,2009,264,GIN
Angola,Africa,2009,2807,AGO
Afghanistan,Eastern Mediterranean,2009,2861,AFG
Mali,Africa,2009,2939,MLI
Argentina,Americas,2009,3,ARG
Bahrain,Eastern Mediterranean,2009,3,BHR
Portugal,Europe,2009,3,PRT
Sweden,Europe,2009,3,SWE
Burundi,Africa,2009,305,BDI
Sierra Leone,Africa,2009,31,SLE
Mauritania,Africa,2009,322,MRT
Libya,Eastern Mediterranean,2009,329,LBY
Myanmar,South-East Asia,2009,329,MMR
Belgium,Europe,2009,33,BEL
Italy,Europe,2009,351,ITA
Türkiye,Europe,2009,4,TUR
Namibia,Africa,2009,4076,NAM
Spain,Europe,2009,41,ESP
Togo,Africa,2009,425,TGO
Cambodia,Western Pacific,2009,4779,KHM
Djibouti,Eastern Mediterranean,2009,48,DJI
Austria,Europe,2009,49,AUT
Czechia,Europe,2009,5,CZE
Israel,Europe,2009,5,ISR
North Macedonia,Europe,2009,5,MKD
Rwanda,Africa,2009,5,RWA
Democratic Republic of the Congo,Africa,2009,57,COD
Germany,Europe,2009,574,DEU
South Africa,Africa,2009,5857,ZAF
Bhutan,South-East Asia,2009,6,BTN
Denmark,Europe,2009,6,DNK
Liberia,Africa,2009,6,LBR
Maldives,South-East Asia,2009,6,MDV
Mozambique,Africa,2009,60,MOZ
Thailand,South-East Asia,2009,6071,THA
Egypt,Eastern Mediterranean,2009,608,EGY
Viet Nam,Western Pacific,2009,6582,VNM
Sudan,Eastern Mediterranean,2009,68,SDN
United States of America,Americas,2009,71,USA
Bangladesh,South-East Asia,2009,718,BGD
Japan,Western Pacific,2009,741,JPN
Equatorial Guinea,Africa,2009,78,GNQ
Lao People's Democratic Republic,Western Pacific,2009,78,LAO
Mongolia,Western Pacific,2009,8,MNG
Romania,Europe,2009,8,ROU
Niger,Africa,2009,801,NER
Eritrea,Africa,2009,82,ERI
Saudi Arabia,Eastern Mediterranean,2009,82,SAU
Morocco,Eastern Mediterranean,2009,834,MAR
Zimbabwe,Africa,2009,853,ZWE
Pakistan,Eastern Mediterranean,2009,863,PAK
Switzerland,Europe,2009,958,CHE
Senegal,Africa,2009,999,SEN
American Samoa,Western Pacific,2008,0,ASM
Andorra,Europe,2008,0,AND
Antigua and Barbuda,Americas,2008,0,ATG
Argentina,Americas,2008,0,ARG
Armenia,Europe,2008,0,ARM
Bahamas,Americas,2008,0,BHS
Barbados,Americas,2008,0,BRB
Belarus,Europe,2008,0,BLR
Belize,Americas,2008,0,BLZ
Bolivia (Plurinational State of),Americas,2008,0,BOL
Botswana,Africa,2008,0,BWA
Brazil,Americas,2008,0,BRA
Cabo Verde,Africa,2008,0,CPV
Chile,Americas,2008,0,CHL
Colombia,Americas,2008,0,COL
Comoros,Africa,2008,0,COM
Cook Islands,Western Pacific,2008,0,COK
Costa Rica,Americas,2008,0,CRI
Cuba,Americas,2008,0,CUB
Dominica,Americas,2008,0,DMA
Dominican Republic,Americas,2008,0,DOM
El Salvador,Americas,2008,0,SLV
Eritrea,Africa,2008,0,ERI
Estonia,Europe,2008,0,EST
Fiji,Western Pacific,2008,0,FJI
French Polynesia,Western Pacific,2008,0,PYF
Gambia,Africa,2008,0,GMB
Grenada,Americas,2008,0,GRD
Guam,Western Pacific,2008,0,GUM
Guatemala,Americas,2008,0,GTM
Guyana,Americas,2008,0,GUY
Haiti,Americas,2008,0,HTI
Honduras,Americas,2008,0,HND
Hungary,Europe,2008,0,HUN
Iceland,Europe,2008,0,ISL
Kiribati,Western Pacific,2008,0,KIR
Lesotho,Africa,2008,0,LSO
Maldives,South-East Asia,2008,0,MDV
Mexico,Americas,2008,0,MEX
Montenegro,Europe,2008,0,MNE
Namibia,Africa,2008,0,NAM
Nauru,Western Pacific,2008,0,NRU
New Caledonia,Western Pacific,2008,0,NCL
Nicaragua,Americas,2008,0,NIC
Niue,Western Pacific,2008,0,NIU
Northern Mariana Islands,Western Pacific,2008,0,MNP
Palau,Western Pacific,2008,0,PLW
Panama,Americas,2008,0,PAN
Papua New Guinea,Western Pacific,2008,0,PNG
Paraguay,Americas,2008,0,PRY
Republic of Moldova,Europe,2008,0,MDA
Saint Kitts and Nevis,Americas,2008,0,KNA
Saint Lucia,Americas,2008,0,LCA
Saint Vincent and the Grenadines,Americas,2008,0,VCT
Sao Tome and Principe,Africa,2008,0,STP
Seychelles,Africa,2008,0,SYC
Slovakia,Europe,2008,0,SVK
Slovenia,Europe,2008,0,SVN
Solomon Islands,Western Pacific,2008,0,SLB
Suriname,Americas,2008,0,SUR
Türkiye,Europe,2008,0,TUR
Tajikistan,Europe,2008,0,TJK
Timor-Leste,South-East Asia,2008,0,TLS
Tonga,Western Pacific,2008,0,TON
Trinidad and Tobago,Americas,2008,0,TTO
Turkmenistan,Europe,2008,0,TKM
Tuvalu,Western Pacific,2008,0,TUV
Uruguay,Americas,2008,0,URY
Vanuatu,Western Pacific,2008,0,VUT
Venezuela (Bolivarian Republic of),Americas,2008,0,VEN
Zimbabwe,Africa,2008,0,ZWE
Bulgaria,Europe,2008,1,BGR
Cyprus,Europe,2008,1,CYP
Ecuador,Americas,2008,1,ECU
Eswatini,Africa,2008,1,SWZ
Greece,Europe,2008,1,GRC
Liberia,Africa,2008,1,LBR
Lithuania,Europe,2008,1,LTU
Luxembourg,Europe,2008,1,LUX
Malta,Europe,2008,1,MLT
Peru,Americas,2008,1,PER
Portugal,Europe,2008,1,PRT
Somalia,Eastern Mediterranean,2008,1081,SOM
Netherlands (Kingdom of the),Europe,2008,109,NLD
Pakistan,Eastern Mediterranean,2008,1129,PAK
Cote d'Ivoire,Africa,2008,12,CIV
Central African Republic,Africa,2008,12,CAF
Guinea-Bissau,Africa,2008,12,GNB
Mauritius,Africa,2008,12,MUS
Romania,Europe,2008,12,ROU
Iran (Islamic Republic of),Eastern Mediterranean,2008,127,IRN
Kenya,Africa,2008,1282,KEN
Sudan,Eastern Mediterranean,2008,129,SDN
Niger,Africa,2008,1317,NER
Uganda,Africa,2008,1319,UGA
Denmark,Europe,2008,14,DNK
United States of America,Americas,2008,140,USA
Zambia,Africa,2008,140,ZMB
Djibouti,Eastern Mediterranean,2008,143,DJI
United Kingdom of Great Britain and Northern Ireland,Europe,2008,1445,GBR
Morocco,Eastern Mediterranean,2008,1455,MAR
Saudi Arabia,Eastern Mediterranean,2008,158,SAU
Afghanistan,Eastern Mediterranean,2008,1599,AFG
Kyrgyzstan,Europe,2008,16,KGZ
Italy,Europe,2008,1617,ITA
Burundi,Africa,2008,173,BDI
Lao People's Democratic Republic,Western Pacific,2008,174,LAO
Oman,Eastern Mediterranean,2008,18,OMN
Singapore,Western Pacific,2008,18,SGP
Togo,Africa,2008,187,TGO
Syrian Arab Republic,Eastern Mediterranean,2008,19,SYR
Bahrain,Eastern Mediterranean,2008,2,BHR
Congo,Africa,2008,2,COG
Czechia,Europe,2008,2,CZE
Jamaica,Americas,2008,2,JAM
Jordan,Eastern Mediterranean,2008,2,JOR
Republic of Korea,Western Pacific,2008,2,KOR
Serbia,Europe,2008,2,SRB
Tunisia,Eastern Mediterranean,2008,2,TUN
Uzbekistan,Europe,2008,2,UZB
Kazakhstan,Europe,2008,20,KAZ
Malawi,Africa,2008,20,MWI
Switzerland,Europe,2008,2022,CHE
Nepal,South-East Asia,2008,2089,NPL
Algeria,Africa,2008,217,DZA
Lebanon,Eastern Mediterranean,2008,24,LBN
Sweden,Europe,2008,25,SWE
Angola,Africa,2008,265,AGO
Bangladesh,South-East Asia,2008,2660,BGD
North Macedonia,Europe,2008,27,MKD
Russian Federation,Europe,2008,27,RUS
Spain,Europe,2008,297,ESP
Brunei Darussalam,Western Pacific,2008,3,BRN
Gabon,Africa,2008,3,GAB
Latvia,Europe,2008,3,LVA
Madagascar,Africa,2008,3,MDG
Mongolia,Western Pacific,2008,31,MNG
Sri Lanka,South-East Asia,2008,33,LKA
Myanmar,South-East Asia,2008,333,MMR
Malaysia,Western Pacific,2008,334,MYS
Philippines,Western Pacific,2008,341,PHL
United Republic of Tanzania,Africa,2008,3413,TZA
Ethiopia,Africa,2008,3511,ETH
Viet Nam,Western Pacific,2008,352,VNM
South Africa,Africa,2008,39,ZAF
Burkina Faso,Africa,2008,395,BFA
"China, Macao Special Administrative Region",Global,2008,4,MAC
Mauritania,Africa,2008,4,MRT
Mozambique,Africa,2008,4,MOZ
Norway,Europe,2008,4,NOR
Cambodia,Western Pacific,2008,4211,KHM
Equatorial Guinea,Africa,2008,436,GNQ
Sierra Leone,Africa,2008,44,SLE
Austria,Europe,2008,448,AUT
Ukraine,Europe,2008,48,UKR
Cameroon,Africa,2008,495,CMR
Azerbaijan,Europe,2008,5,AZE
Finland,Europe,2008,5,FIN
Croatia,Europe,2008,51,HRV
Iraq,Eastern Mediterranean,2008,5494,IRQ
United Arab Emirates,Eastern Mediterranean,2008,55,ARE
Georgia,Europe,2008,56,GEO
Ireland,Europe,2008,57,IRL
Rwanda,Africa,2008,6,RWA
Senegal,Africa,2008,6,SEN
France,Europe,2008,604,FRA
Canada,Americas,2008,62,CAN
Chad,Africa,2008,63,TCD
Australia,Western Pacific,2008,65,AUS
Egypt,Eastern Mediterranean,2008,668,EGY
"China, Hong Kong Special Administrative Region",Global,2008,69,HKG
Bhutan,South-East Asia,2008,7,BTN
Yemen,Eastern Mediterranean,2008,7,YEM
Thailand,South-East Asia,2008,7790,THA
Bosnia and Herzegovina,Europe,2008,8,BIH
Democratic People's Republic of Korea,South-East Asia,2008,8,PRK
Libya,Eastern Mediterranean,2008,8,LBY
Ghana,Africa,2008,82,GHA
Guinea,Africa,2008,89,GIN
Germany,Europe,2008,917,DEU
Benin,Africa,2008,928,BEN
Israel,Europe,2008,931,ISR
Belgium,Europe,2008,98,BEL
Mali,Africa,2008,98,MLI
Nigeria,Africa,2008,9960,NGA
Algeria,Africa,2007,0,DZA
American Samoa,Western Pacific,2007,0,ASM
Andorra,Europe,2007,0,AND
Antigua and Barbuda,Americas,2007,0,ATG
Argentina,Americas,2007,0,ARG
Azerbaijan,Europe,2007,0,AZE
Bahamas,Americas,2007,0,BHS
Barbados,Americas,2007,0,BRB
Belize,Americas,2007,0,BLZ
Bolivia (Plurinational State of),Americas,2007,0,BOL
Brazil,Americas,2007,0,BRA
Cabo Verde,Africa,2007,0,CPV
Chile,Americas,2007,0,CHL
"China, Macao Special Administrative Region",Global,2007,0,MAC
Colombia,Americas,2007,0,COL
Comoros,Africa,2007,0,COM
Costa Rica,Americas,2007,0,CRI
Croatia,Europe,2007,0,HRV
Cuba,Americas,2007,0,CUB
Cyprus,Europe,2007,0,CYP
Dominica,Americas,2007,0,DMA
Dominican Republic,Americas,2007,0,DOM
Ecuador,Americas,2007,0,ECU
El Salvador,Americas,2007,0,SLV
Eswatini,Africa,2007,0,SWZ
Fiji,Western Pacific,2007,0,FJI
Finland,Europe,2007,0,FIN
French Polynesia,Western Pacific,2007,0,PYF
Gabon,Africa,2007,0,GAB
Gambia,Africa,2007,0,GMB
Grenada,Americas,2007,0,GRD
Guam,Western Pacific,2007,0,GUM
Guatemala,Americas,2007,0,GTM
Guyana,Americas,2007,0,GUY
Haiti,Americas,2007,0,HTI
Honduras,Americas,2007,0,HND
Hungary,Europe,2007,0,HUN
Iceland,Europe,2007,0,ISL
Jamaica,Americas,2007,0,JAM
Kiribati,Western Pacific,2007,0,KIR
Latvia,Europe,2007,0,LVA
Lithuania,Europe,2007,0,LTU
Luxembourg,Europe,2007,0,LUX
Madagascar,Africa,2007,0,MDG
Marshall Islands,Western Pacific,2007,0,MHL
Mexico,Americas,2007,0,MEX
Micronesia (Federated States of),Western Pacific,2007,0,FSM
Montenegro,Europe,2007,0,MNE
Nauru,Western Pacific,2007,0,NRU
New Caledonia,Western Pacific,2007,0,NCL
Nicaragua,Americas,2007,0,NIC
Niue,Western Pacific,2007,0,NIU
Northern Mariana Islands,Western Pacific,2007,0,MNP
Palau,Western Pacific,2007,0,PLW
Panama,Americas,2007,0,PAN
Papua New Guinea,Western Pacific,2007,0,PNG
Paraguay,Americas,2007,0,PRY
Peru,Americas,2007,0,PER
Portugal,Europe,2007,0,PRT
Saint Kitts and Nevis,Americas,2007,0,KNA
Saint Lucia,Americas,2007,0,LCA
Saint Vincent and the Grenadines,Americas,2007,0,VCT
San Marino,Europe,2007,0,SMR
Sao Tome and Principe,Africa,2007,0,STP
Sierra Leone,Africa,2007,0,SLE
Slovakia,Europe,2007,0,SVK
Slovenia,Europe,2007,0,SVN
Solomon Islands,Western Pacific,2007,0,SLB
Suriname,Americas,2007,0,SUR
Timor-Leste,South-East Asia,2007,0,TLS
Tonga,Western Pacific,2007,0,TON
Trinidad and Tobago,Americas,2007,0,TTO
Tuvalu,Western Pacific,2007,0,TUV
Uruguay,Americas,2007,0,URY
Vanuatu,Western Pacific,2007,0,VUT
Wallis and Futuna Islands,Western Pacific,2007,0,WLF
Armenia,Europe,2007,1,ARM
Belarus,Europe,2007,1,BLR
Botswana,Africa,2007,1,BWA
Bulgaria,Europe,2007,1,BGR
Cook Islands,Western Pacific,2007,1,COK
Estonia,Europe,2007,1,EST
Guinea-Bissau,Africa,2007,1,GNB
Liberia,Africa,2007,1,LBR
North Macedonia,Europe,2007,1,MKD
Seychelles,Africa,2007,1,SYC
Sweden,Europe,2007,1,SWE
Netherlands (Kingdom of the),Europe,2007,10,NLD
Republic of Moldova,Europe,2007,10,MDA
Cameroon,Africa,2007,100,CMR
Ukraine,Europe,2007,1005,UKR
Canada,Americas,2007,101,CAN
Angola,Africa,2007,1014,AGO
Switzerland,Europe,2007,1015,CHE
United Kingdom of Great Britain and Northern Ireland,Europe,2007,1022,GBR
Myanmar,South-East Asia,2007,1088,MMR
Australia,Western Pacific,2007,11,AUS
Bhutan,South-East Asia,2007,11,BTN
Mauritania,Africa,2007,11,MRT
Senegal,Africa,2007,11,SEN
Afghanistan,Eastern Mediterranean,2007,1141,AFG
Somalia,Eastern Mediterranean,2007,1149,SOM
Burkina Faso,Africa,2007,12,BFA
Mongolia,Western Pacific,2007,12,MNG
Kazakhstan,Europe,2007,13,KAZ
Mauritius,Africa,2007,13,MUS
Yemen,Eastern Mediterranean,2007,13,YEM
Iran (Islamic Republic of),Eastern Mediterranean,2007,133,IRN
Nepal,South-East Asia,2007,1415,NPL
Malawi,Africa,2007,143,MWI
Ethiopia,Africa,2007,1446,ETH
Singapore,Western Pacific,2007,15,SGP
Kenya,Africa,2007,1516,KEN
Bosnia and Herzegovina,Europe,2007,166,BIH
Lao People's Democratic Republic,Western Pacific,2007,1678,LAO
Egypt,Eastern Mediterranean,2007,1684,EGY
Viet Nam,Western Pacific,2007,17,VNM
Russian Federation,Europe,2007,173,RUS
Republic of Korea,Western Pacific,2007,194,KOR
Czechia,Europe,2007,2,CZE
Denmark,Europe,2007,2,DNK
Greece,Europe,2007,2,GRC
Lesotho,Africa,2007,2,LSO
Mali,Africa,2007,2,MLI
Malta,Europe,2007,2,MLT
Tajikistan,Europe,2007,2,TJK
Austria,Europe,2007,20,AUT
Maldives,South-East Asia,2007,20,MDV
Serbia,Europe,2007,201,SRB
Namibia,Africa,2007,21,NAM
Albania,Europe,2007,22,ALB
Morocco,Eastern Mediterranean,2007,2248,MAR
Iraq,Eastern Mediterranean,2007,230,IRQ
Djibouti,Eastern Mediterranean,2007,24,DJI
Oman,Eastern Mediterranean,2007,24,OMN
Zimbabwe,Africa,2007,242,ZWE
New Zealand,Western Pacific,2007,25,NZL
Rwanda,Africa,2007,26,RWA
Nigeria,Africa,2007,2613,NGA
Mozambique,Africa,2007,267,MOZ
Spain,Europe,2007,267,ESP
Pakistan,Eastern Mediterranean,2007,2801,PAK
Niger,Africa,2007,282,NER
Bangladesh,South-East Asia,2007,2924,BGD
Guinea,Africa,2007,3,GIN
Türkiye,Europe,2007,3,TUR
South Africa,Africa,2007,31,ZAF
Venezuela (Bolivarian Republic of),Americas,2007,32,VEN
Italy,Europe,2007,321,ITA
Sudan,Eastern Mediterranean,2007,327,SDN
Benin,Africa,2007,341,BEN
Romania,Europe,2007,353,ROU
Democratic People's Republic of Korea,South-East Asia,2007,3550,PRK
Qatar,Eastern Mediterranean,2007,361,QAT
Lebanon,Eastern Mediterranean,2007,373,LBN
Uganda,Africa,2007,3776,UGA
Thailand,South-East Asia,2007,3893,THA
France,Europe,2007,39,FRA
Cambodia,Western Pacific,2007,394,KHM
Malaysia,Western Pacific,2007,394,MYS
Tunisia,Eastern Mediterranean,2007,4,TUN
Kyrgyzstan,Europe,2007,40,KGZ
Poland,Europe,2007,40,POL
Syrian Arab Republic,Eastern Mediterranean,2007,403,SYR
Jordan,Eastern Mediterranean,2007,41,JOR
Burundi,Africa,2007,43,BDI
United States of America,Americas,2007,43,USA
Georgia,Europe,2007,44,GEO
Sri Lanka,South-East Asia,2007,44,LKA
Chad,Africa,2007,441,TCD
Saudi Arabia,Eastern Mediterranean,2007,4648,SAU
Central African Republic,Africa,2007,49,CAF
Cote d'Ivoire,Africa,2007,5,CIV
Equatorial Guinea,Africa,2007,5,GNQ
Philippines,Western Pacific,2007,530,PHL
Zambia,Africa,2007,535,ZMB
Israel,Europe,2007,539,ISR
Eritrea,Africa,2007,55,ERI
Germany,Europe,2007,567,DEU
Libya,Eastern Mediterranean,2007,59,LBY
Turkmenistan,Europe,2007,59,TKM
Ghana,Africa,2007,6,GHA
Belgium,Europe,2007,64,BEL
Ireland,Europe,2007,64,IRL
Bahrain,Eastern Mediterranean,2007,7,BHR
United Republic of Tanzania,Africa,2007,7726,TZA
Togo,Africa,2007,8,TGO
Congo,Africa,2007,84,COG
Uzbekistan,Europe,2007,863,UZB
"China, Hong Kong Special Administrative Region",Global,2007,88,HKG
Andorra,Europe,2006,0,AND
Antigua and Barbuda,Americas,2006,0,ATG
Argentina,Americas,2006,0,ARG
Bahamas,Americas,2006,0,BHS
Barbados,Americas,2006,0,BRB
Belize,Americas,2006,0,BLZ
Bolivia (Plurinational State of),Americas,2006,0,BOL
Cabo Verde,Africa,2006,0,CPV
Chile,Americas,2006,0,CHL
Colombia,Americas,2006,0,COL
Cuba,Americas,2006,0,CUB
Cyprus,Europe,2006,0,CYP
Democratic People's Republic of Korea,South-East Asia,2006,0,PRK
Dominica,Americas,2006,0,DMA
Dominican Republic,Americas,2006,0,DOM
Ecuador,Americas,2006,0,ECU
El Salvador,Americas,2006,0,SLV
Equatorial Guinea,Africa,2006,0,GNQ
Eswatini,Africa,2006,0,SWZ
Finland,Europe,2006,0,FIN
Gambia,Africa,2006,0,GMB
Grenada,Americas,2006,0,GRD
Guatemala,Americas,2006,0,GTM
Guinea-Bissau,Africa,2006,0,GNB
Guyana,Americas,2006,0,GUY
Haiti,Americas,2006,0,HTI
Honduras,Americas,2006,0,HND
Iceland,Europe,2006,0,ISL
Jamaica,Americas,2006,0,JAM
Marshall Islands,Western Pacific,2006,0,MHL
Micronesia (Federated States of),Western Pacific,2006,0,FSM
Montenegro,Europe,2006,0,MNE
Nauru,Western Pacific,2006,0,NRU
Nicaragua,Americas,2006,0,NIC
Norway,Europe,2006,0,NOR
Palau,Western Pacific,2006,0,PLW
Panama,Americas,2006,0,PAN
Paraguay,Americas,2006,0,PRY
Peru,Americas,2006,0,PER
Portugal,Europe,2006,0,PRT
Saint Kitts and Nevis,Americas,2006,0,KNA
Saint Lucia,Americas,2006,0,LCA
Saint Vincent and the Grenadines,Americas,2006,0,VCT
Samoa,Western Pacific,2006,0,WSM
San Marino,Europe,2006,0,SMR
Sao Tome and Principe,Africa,2006,0,STP
Slovakia,Europe,2006,0,SVK
Slovenia,Europe,2006,0,SVN
Solomon Islands,Western Pacific,2006,0,SLB
Sri Lanka,South-East Asia,2006,0,LKA
Suriname,Americas,2006,0,SUR
Tonga,Western Pacific,2006,0,TON
Trinidad and Tobago,Americas,2006,0,TTO
Tuvalu,Western Pacific,2006,0,TUV
Uruguay,Americas,2006,0,URY
Vanuatu,Western Pacific,2006,0,VUT
Bulgaria,Europe,2006,1,BGR
Croatia,Europe,2006,1,HRV
Hungary,Europe,2006,1,HUN
Jordan,Eastern Mediterranean,2006,1,JOR
Lesotho,Africa,2006,1,LSO
Libya,Eastern Mediterranean,2006,1,LBY
Lithuania,Europe,2006,1,LTU
Malawi,Africa,2006,1,MWI
Malta,Europe,2006,1,MLT
Netherlands (Kingdom of the),Europe,2006,1,NLD
Papua New Guinea,Western Pacific,2006,1,PNG
Seychelles,Africa,2006,10,SYC
Kazakhstan,Europe,2006,109,KAZ
Cote d'Ivoire,Africa,2006,11,CIV
Russian Federation,Europe,2006,1147,RUS
Poland,Europe,2006,120,POL
Morocco,Eastern Mediterranean,2006,1217,MAR
Burkina Faso,Africa,2006,125,BFA
Congo,Africa,2006,126,COG
Eritrea,Africa,2006,128,ERI
Mali,Africa,2006,128,MLI
Canada,Americas,2006,13,CAN
Oman,Eastern Mediterranean,2006,13,OMN
Fiji,Western Pacific,2006,136,FJI
Armenia,Europe,2006,137,ARM
Qatar,Eastern Mediterranean,2006,144,QAT
Ethiopia,Africa,2006,1451,ETH
Belarus,Europe,2006,149,BLR
Belgium,Europe,2006,15,BEL
Chad,Africa,2006,1594,TCD
Bosnia and Herzegovina,Europe,2006,17,BIH
Benin,Africa,2006,176,BEN
Mozambique,Africa,2006,183,MOZ
Kenya,Africa,2006,1847,KEN
Cambodia,Western Pacific,2006,188,KHM
Sweden,Europe,2006,19,SWE
Cameroon,Africa,2006,196,CMR
Viet Nam,Western Pacific,2006,1978,VNM
Afghanistan,Eastern Mediterranean,2006,1990,AFG
Bhutan,South-East Asia,2006,2,BTN
Madagascar,Africa,2006,2,MDG
Serbia,Europe,2006,2,SRB
Liberia,Africa,2006,20,LBR
New Zealand,Western Pacific,2006,20,NZL
Zimbabwe,Africa,2006,212,ZWE
Mauritania,Africa,2006,22,MRT
Iran (Islamic Republic of),Eastern Mediterranean,2006,220,IRN
Azerbaijan,Europe,2006,222,AZE
Sudan,Eastern Mediterranean,2006,228,SDN
Austria,Europe,2006,23,AUT
Mexico,Americas,2006,23,MEX
Singapore,Western Pacific,2006,23,SGP
Germany,Europe,2006,2307,DEU
United Republic of Tanzania,Africa,2006,2362,TZA
Mongolia,Western Pacific,2006,26,MNG
Togo,Africa,2006,26,TGO
Denmark,Europe,2006,27,DNK
Estonia,Europe,2006,27,EST
Kyrgyzstan,Europe,2006,27,KGZ
Republic of Korea,Western Pacific,2006,28,KOR
Nepal,South-East Asia,2006,2838,NPL
Bahrain,Eastern Mediterranean,2006,3,BHR
Central African Republic,Africa,2006,3,CAF
Mauritius,Africa,2006,3,MUS
Namibia,Africa,2006,3,NAM
North Macedonia,Europe,2006,3,MKD
Senegal,Africa,2006,3,SEN
Tajikistan,Europe,2006,3,TJK
Tunisia,Eastern Mediterranean,2006,3,TUN
Romania,Europe,2006,3196,ROU
Sierra Leone,Africa,2006,33,SLE
Georgia,Europe,2006,334,GEO
Republic of Moldova,Europe,2006,34,MDA
Türkiye,Europe,2006,34,TUR
Thailand,South-East Asia,2006,3588,THA
Spain,Europe,2006,362,ESP
Guinea,Africa,2006,4,GIN
France,Europe,2006,40,FRA
Ghana,Africa,2006,420,GHA
Italy,Europe,2006,439,ITA
Zambia,Africa,2006,459,ZMB
Maldives,South-East Asia,2006,47,MDV
Iraq,Eastern Mediterranean,2006,474,IRQ
Turkmenistan,Europe,2006,48,TKM
Djibouti,Eastern Mediterranean,2006,49,DJI
Rwanda,Africa,2006,494,RWA
Syrian Arab Republic,Eastern Mediterranean,2006,517,SYR
Japan,Western Pacific,2006,520,JPN
United States of America,Americas,2006,55,USA
Malaysia,Western Pacific,2006,564,MYS
Brazil,Americas,2006,57,BRA
Uganda,Africa,2006,5736,UGA
Lao People's Democratic Republic,Western Pacific,2006,58,LAO
Niger,Africa,2006,59,NER
Botswana,Africa,2006,6,BWA
Cook Islands,Western Pacific,2006,6,COK
Bangladesh,South-East Asia,2006,6192,BGD
Albania,Europe,2006,68,ALB
Czechia,Europe,2006,7,CZE
Latvia,Europe,2006,7,LVA
Somalia,Eastern Mediterranean,2006,7,SOM
Nigeria,Africa,2006,704,NGA
Myanmar,South-East Asia,2006,760,MMR
United Kingdom of Great Britain and Northern Ireland,Europe,2006,764,GBR
Pakistan,Eastern Mediterranean,2006,7641,PAK
Angola,Africa,2006,765,AGO
Venezuela (Bolivarian Republic of),Americas,2006,78,VEN
Burundi,Africa,2006,784,BDI
Luxembourg,Europe,2006,8,LUX
Saudi Arabia,Eastern Mediterranean,2006,807,SAU
Yemen,Eastern Mediterranean,2006,8079,YEM
South Africa,Africa,2006,81,ZAF
Uzbekistan,Europe,2006,823,UZB
Comoros,Africa,2006,85,COM
Ireland,Europe,2006,87,IRL
Israel,Europe,2006,9,ISR
Philippines,Western Pacific,2006,9,PHL
Gabon,Africa,2006,90,GAB
Timor-Leste,South-East Asia,2006,90,TLS
Algeria,Africa,2006,944,DZA
Egypt,Eastern Mediterranean,2006,953,EGY
Lebanon,Eastern Mediterranean,2006,956,LBN
American Samoa,Western Pacific,2005,0,ASM
Andorra,Europe,2005,0,AND
Antigua and Barbuda,Americas,2005,0,ATG
Argentina,Americas,2005,0,ARG
Bahamas,Americas,2005,0,BHS
Barbados,Americas,2005,0,BRB
Belize,Americas,2005,0,BLZ
Bolivia (Plurinational State of),Americas,2005,0,BOL
Burundi,Africa,2005,0,BDI
Cabo Verde,Africa,2005,0,CPV
Chile,Americas,2005,0,CHL
"China, Macao Special Administrative Region",Global,2005,0,MAC
Colombia,Americas,2005,0,COL
Cook Islands,Western Pacific,2005,0,COK
Cuba,Americas,2005,0,CUB
Czechia,Europe,2005,0,CZE
Democratic People's Republic of Korea,South-East Asia,2005,0,PRK
Dominica,Americas,2005,0,DMA
Dominican Republic,Americas,2005,0,DOM
Ecuador,Americas,2005,0,ECU
El Salvador,Americas,2005,0,SLV
Eswatini,Africa,2005,0,SWZ
Gabon,Africa,2005,0,GAB
Gambia,Africa,2005,0,GMB
Grenada,Americas,2005,0,GRD
Guam,Western Pacific,2005,0,GUM
Guatemala,Americas,2005,0,GTM
Guinea-Bissau,Africa,2005,0,GNB
Guyana,Americas,2005,0,GUY
Haiti,Americas,2005,0,HTI
Honduras,Americas,2005,0,HND
Iceland,Europe,2005,0,ISL
Jamaica,Americas,2005,0,JAM
Kiribati,Western Pacific,2005,0,KIR
Marshall Islands,Western Pacific,2005,0,MHL
Micronesia (Federated States of),Western Pacific,2005,0,FSM
Mongolia,Western Pacific,2005,0,MNG
Nauru,Western Pacific,2005,0,NRU
New Caledonia,Western Pacific,2005,0,NCL
Nicaragua,Americas,2005,0,NIC
Niue,Western Pacific,2005,0,NIU
Northern Mariana Islands,Western Pacific,2005,0,MNP
Norway,Europe,2005,0,NOR
Palau,Western Pacific,2005,0,PLW
Panama,Americas,2005,0,PAN
Paraguay,Americas,2005,0,PRY
Peru,Americas,2005,0,PER
Saint Kitts and Nevis,Americas,2005,0,KNA
Saint Lucia,Americas,2005,0,LCA
Saint Vincent and the Grenadines,Americas,2005,0,VCT
Samoa,Western Pacific,2005,0,WSM
San Marino,Europe,2005,0,SMR
Sao Tome and Principe,Africa,2005,0,STP
Senegal,Africa,2005,0,SEN
Seychelles,Africa,2005,0,SYC
Slovakia,Europe,2005,0,SVK
Slovenia,Europe,2005,0,SVN
Solomon Islands,Western Pacific,2005,0,SLB
Suriname,Americas,2005,0,SUR
Tokelau,Western Pacific,2005,0,TKL
Tonga,Western Pacific,2005,0,TON
Trinidad and Tobago,Americas,2005,0,TTO
Turkmenistan,Europe,2005,0,TKM
Tuvalu,Western Pacific,2005,0,TUV
Uruguay,Americas,2005,0,URY
Venezuela (Bolivarian Republic of),Americas,2005,0,VEN
Belarus,Europe,2005,1,BLR
Costa Rica,Americas,2005,1,CRI
Cyprus,Europe,2005,1,CYP
Finland,Europe,2005,1,FIN
Lithuania,Europe,2005,1,LTU
Australia,Western Pacific,2005,10,AUS
Kuwait,Eastern Mediterranean,2005,10,KWT
Bhutan,South-East Asia,2005,11,BTN
Cote d'Ivoire,Africa,2005,115,CIV
Philippines,Western Pacific,2005,118,PHL
Greece,Europe,2005,122,GRC
Papua New Guinea,Western Pacific,2005,1222,PNG
Azerbaijan,Europe,2005,1238,AZE
Mauritania,Africa,2005,127,MRT
Rwanda,Africa,2005,129,RWA
Afghanistan,Eastern Mediterranean,2005,1296,AFG
Poland,Europe,2005,13,POL
Sweden,Europe,2005,13,SWE
Italy,Europe,2005,135,ITA
Georgia,Europe,2005,1356,GEO
Sudan,Eastern Mediterranean,2005,1374,SDN
Maldives,South-East Asia,2005,1395,MDV
Malaysia,Western Pacific,2005,1407,MYS
Congo,Africa,2005,146,COG
Tunisia,Eastern Mediterranean,2005,15,TUN
Kenya,Africa,2005,153,KEN
Malawi,Africa,2005,184,MWI
Eritrea,Africa,2005,19,ERI
Chad,Africa,2005,2,TCD
Croatia,Europe,2005,2,HRV
Denmark,Europe,2005,2,DNK
Estonia,Europe,2005,2,EST
Hungary,Europe,2005,2,HUN
Israel,Europe,2005,2,ISR
Latvia,Europe,2005,2,LVA
Serbia,Europe,2005,2,SRB
New Zealand,Western Pacific,2005,20,NZL
Timor-Leste,South-East Asia,2005,203,TLS
Benin,Africa,2005,210,BEN
Niger,Africa,2005,2183,NER
Spain,Europe,2005,22,ESP
Uganda,Africa,2005,22,UGA
Armenia,Europe,2005,2281,ARM
Bosnia and Herzegovina,Europe,2005,23,BIH
United Republic of Tanzania,Africa,2005,23,TZA
Algeria,Africa,2005,2302,DZA
Ukraine,Europe,2005,2392,UKR
Oman,Eastern Mediterranean,2005,25,OMN
Burkina Faso,Africa,2005,253,BFA
Angola,Africa,2005,258,AGO
Belgium,Europe,2005,26,BEL
Cambodia,Western Pacific,2005,264,KHM
Jordan,Eastern Mediterranean,2005,28,JOR
Sierra Leone,Africa,2005,29,SLE
United Arab Emirates,Eastern Mediterranean,2005,29,ARE
Libya,Eastern Mediterranean,2005,292,LBY
Lao People's Democratic Republic,Western Pacific,2005,295,LAO
Djibouti,Eastern Mediterranean,2005,298,DJI
Pakistan,Eastern Mediterranean,2005,2981,PAK
Bulgaria,Europe,2005,3,BGR
Sri Lanka,South-East Asia,2005,3,LKA
Vanuatu,Western Pacific,2005,3,VUT
Myanmar,South-East Asia,2005,314,MMR
Mali,Africa,2005,33,MLI
Singapore,Western Pacific,2005,33,SGP
Thailand,South-East Asia,2005,3526,THA
Ethiopia,Africa,2005,357,ETH
France,Europe,2005,36,FRA
Saudi Arabia,Eastern Mediterranean,2005,373,SAU
Syrian Arab Republic,Eastern Mediterranean,2005,375,SYR
Togo,Africa,2005,38,TGO
Bahrain,Eastern Mediterranean,2005,4,BHR
Namibia,Africa,2005,4,NAM
Netherlands (Kingdom of the),Europe,2005,4,NLD
Viet Nam,Western Pacific,2005,410,VNM
Zimbabwe,Africa,2005,420,ZWE
Ghana,Africa,2005,435,GHA
Zambia,Africa,2005,45,ZMB
Russian Federation,Europe,2005,454,RUS
Central African Republic,Africa,2005,471,CAF
Botswana,Africa,2005,5,BWA
North Macedonia,Europe,2005,5,MKD
Nepal,South-East Asia,2005,5023,NPL
Romania,Europe,2005,5043,ROU
Kyrgyzstan,Europe,2005,53,KGZ
Albania,Europe,2005,6,ALB
Brazil,Americas,2005,6,BRA
Canada,Americas,2005,6,CAN
Malta,Europe,2005,6,MLT
Mexico,Americas,2005,6,MEX
Republic of Moldova,Europe,2005,6,MDA
Switzerland,Europe,2005,60,CHE
Cameroon,Africa,2005,605,CMR
South Africa,Africa,2005,615,ZAF
Lebanon,Eastern Mediterranean,2005,618,LBN
Türkiye,Europe,2005,6200,TUR
Yemen,Eastern Mediterranean,2005,6285,YEM
United States of America,Americas,2005,66,USA
Iran (Islamic Republic of),Eastern Mediterranean,2005,7,IRN
Mauritius,Africa,2005,7,MUS
Portugal,Europe,2005,7,PRT
Republic of Korea,Western Pacific,2005,7,KOR
Uzbekistan,Europe,2005,737,UZB
Qatar,Eastern Mediterranean,2005,74,QAT
Egypt,Eastern Mediterranean,2005,77,EGY
Germany,Europe,2005,778,DEU
United Kingdom of Great Britain and Northern Ireland,Europe,2005,79,GBR
Liberia,Africa,2005,8,LBR
Austria,Europe,2005,9,AUT
Brunei Darussalam,Western Pacific,2005,9,BRN
Iraq,Eastern Mediterranean,2005,908,IRQ
Comoros,Africa,2005,912,COM
Ireland,Europe,2005,95,IRL
Guinea,Africa,2005,99,GIN
American Samoa,Western Pacific,2004,0,ASM
Andorra,Europe,2004,0,AND
Antigua and Barbuda,Americas,2004,0,ATG
Argentina,Americas,2004,0,ARG
Bahamas,Americas,2004,0,BHS
Barbados,Americas,2004,0,BRB
Belize,Americas,2004,0,BLZ
Bermuda,Americas,2004,0,BMU
Bolivia (Plurinational State of),Americas,2004,0,BOL
Brazil,Americas,2004,0,BRA
Bulgaria,Europe,2004,0,BGR
Cabo Verde,Africa,2004,0,CPV
Chile,Americas,2004,0,CHL
"China, Macao Special Administrative Region",Global,2004,0,MAC
Colombia,Americas,2004,0,COL
Comoros,Africa,2004,0,COM
Cook Islands,Western Pacific,2004,0,COK
Costa Rica,Americas,2004,0,CRI
Cuba,Americas,2004,0,CUB
Cyprus,Europe,2004,0,CYP
Democratic People's Republic of Korea,South-East Asia,2004,0,PRK
Denmark,Europe,2004,0,DNK
Dominica,Americas,2004,0,DMA
Dominican Republic,Americas,2004,0,DOM
Ecuador,Americas,2004,0,ECU
El Salvador,Americas,2004,0,SLV
Estonia,Europe,2004,0,EST
Eswatini,Africa,2004,0,SWZ
Finland,Europe,2004,0,FIN
Gambia,Africa,2004,0,GMB
Grenada,Americas,2004,0,GRD
Guatemala,Americas,2004,0,GTM
Guyana,Americas,2004,0,GUY
Haiti,Americas,2004,0,HTI
Honduras,Americas,2004,0,HND
Hungary,Europe,2004,0,HUN
Iceland,Europe,2004,0,ISL
Jamaica,Americas,2004,0,JAM
Kiribati,Western Pacific,2004,0,KIR
Latvia,Europe,2004,0,LVA
Luxembourg,Europe,2004,0,LUX
Marshall Islands,Western Pacific,2004,0,MHL
Micronesia (Federated States of),Western Pacific,2004,0,FSM
Mongolia,Western Pacific,2004,0,MNG
Nauru,Western Pacific,2004,0,NRU
Nicaragua,Americas,2004,0,NIC
Niue,Western Pacific,2004,0,NIU
Northern Mariana Islands,Western Pacific,2004,0,MNP
Palau,Western Pacific,2004,0,PLW
Panama,Americas,2004,0,PAN
Paraguay,Americas,2004,0,PRY
Peru,Americas,2004,0,PER
Saint Kitts and Nevis,Americas,2004,0,KNA
Saint Lucia,Americas,2004,0,LCA
Saint Vincent and the Grenadines,Americas,2004,0,VCT
Samoa,Western Pacific,2004,0,WSM
San Marino,Europe,2004,0,SMR
Sao Tome and Principe,Africa,2004,0,STP
Seychelles,Africa,2004,0,SYC
Slovenia,Europe,2004,0,SVN
Solomon Islands,Western Pacific,2004,0,SLB
Suriname,Americas,2004,0,SUR
Tokelau,Western Pacific,2004,0,TKL
Tonga,Western Pacific,2004,0,TON
Trinidad and Tobago,Americas,2004,0,TTO
Tuvalu,Western Pacific,2004,0,TUV
Uruguay,Americas,2004,0,URY
Venezuela (Bolivarian Republic of),Americas,2004,0,VEN
Botswana,Africa,2004,1,BWA
Greece,Europe,2004,1,GRC
Lithuania,Europe,2004,1,LTU
Tunisia,Eastern Mediterranean,2004,1,TUN
Turkmenistan,Europe,2004,1,TKM
Guinea,Africa,2004,10,GIN
Bahrain,Eastern Mediterranean,2004,11,BHR
Netherlands (Kingdom of the),Europe,2004,11,NLD
Poland,Europe,2004,11,POL
Republic of Korea,Western Pacific,2004,11,KOR
Serbia,Europe,2004,11,SRB
Malawi,Africa,2004,1116,MWI
Israel,Europe,2004,116,ISR
Romania,Europe,2004,117,ROU
Germany,Europe,2004,121,DEU
Central African Republic,Africa,2004,1233,CAF
Myanmar,South-East Asia,2004,1329,MMR
Papua New Guinea,Western Pacific,2004,1385,PNG
Uganda,Africa,2004,141,UGA
United Republic of Tanzania,Africa,2004,1419,TZA
Ukraine,Europe,2004,146,UKR
Lao People's Democratic Republic,Western Pacific,2004,1491,LAO
Austria,Europe,2004,15,AUT
Brunei Darussalam,Western Pacific,2004,16,BRN
Czechia,Europe,2004,17,CZE
Mali,Africa,2004,172,MLI
Armenia,Europe,2004,1783,ARM
Oman,Eastern Mediterranean,2004,18,OMN
Saudi Arabia,Eastern Mediterranean,2004,1880,SAU
Syrian Arab Republic,Eastern Mediterranean,2004,189,SYR
United Kingdom of Great Britain and Northern Ireland,Europe,2004,189,GBR
Belarus,Europe,2004,2,BLR
Burundi,Africa,2004,2,BDI
Guam,Western Pacific,2004,2,GUM
Slovakia,Europe,2004,2,SVK
Kenya,Africa,2004,20,KEN
Jordan,Eastern Mediterranean,2004,21,JOR
Lebanon,Eastern Mediterranean,2004,213,LBN
Viet Nam,Western Pacific,2004,217,VNM
United Arab Emirates,Eastern Mediterranean,2004,22,ARE
Kazakhstan,Europe,2004,2204,KAZ
Kuwait,Eastern Mediterranean,2004,23,KWT
Eritrea,Africa,2004,24,ERI
Russian Federation,Europe,2004,2444,RUS
Spain,Europe,2004,26,ESP
Benin,Africa,2004,262,BEN
Libya,Eastern Mediterranean,2004,2771,LBY
Bosnia and Herzegovina,Europe,2004,28,BIH
Mauritius,Africa,2004,28,MUS
Angola,Africa,2004,29,AGO
Qatar,Eastern Mediterranean,2004,29,QAT
Bhutan,South-East Asia,2004,3,BTN
Iran (Islamic Republic of),Eastern Mediterranean,2004,3,IRN
Philippines,Western Pacific,2004,3025,PHL
Lesotho,Africa,2004,31,LSO
Senegal,Africa,2004,31,SEN
Zimbabwe,Africa,2004,31,ZWE
Algeria,Africa,2004,3289,DZA
New Zealand,Western Pacific,2004,33,NZL
Ireland,Europe,2004,334,IRL
Cote d'Ivoire,Africa,2004,3466,CIV
Sri Lanka,South-East Asia,2004,35,LKA
Zambia,Africa,2004,35,ZMB
Cambodia,Western Pacific,2004,352,KHM
Congo,Africa,2004,3524,COG
Guinea-Bissau,Africa,2004,3526,GNB
Cameroon,Africa,2004,358,CMR
Fiji,Western Pacific,2004,37,FJI
Maldives,South-East Asia,2004,37,MDV
United States of America,Americas,2004,37,USA
Equatorial Guinea,Africa,2004,38,GNQ
Rwanda,Africa,2004,386,RWA
Switzerland,Europe,2004,39,CHE
Liberia,Africa,2004,4,LBR
Malta,Europe,2004,4,MLT
Namibia,Africa,2004,4,NAM
Republic of Moldova,Europe,2004,4,MDA
Tajikistan,Europe,2004,4,TJK
Timor-Leste,South-East Asia,2004,41,TLS
Thailand,South-East Asia,2004,4165,THA
Pakistan,Eastern Mediterranean,2004,4248,PAK
France,Europe,2004,4448,FRA
Afghanistan,Eastern Mediterranean,2004,466,AFG
Portugal,Europe,2004,5,PRT
Sweden,Europe,2004,5,SWE
Mauritania,Africa,2004,5039,MRT
Croatia,Europe,2004,54,HRV
Malaysia,Western Pacific,2004,5729,MYS
Italy,Europe,2004,599,ITA
Ghana,Africa,2004,60,GHA
Belgium,Europe,2004,61,BEL
Togo,Africa,2004,61,TGO
Gabon,Africa,2004,63,GAB
Morocco,Eastern Mediterranean,2004,6399,MAR
Mexico,Americas,2004,64,MEX
Georgia,Europe,2004,6847,GEO
Albania,Europe,2004,7,ALB
Canada,Americas,2004,7,CAN
Norway,Europe,2004,7,NOR
Sierra Leone,Africa,2004,7,SLE
Australia,Western Pacific,2004,70,AUS
Djibouti,Eastern Mediterranean,2004,71,DJI
Ethiopia,Africa,2004,73,ETH
Uzbekistan,Europe,2004,75,UZB
Burkina Faso,Africa,2004,77,BFA
Kyrgyzstan,Europe,2004,8,KGZ
Egypt,Eastern Mediterranean,2004,80,EGY
Azerbaijan,Europe,2004,827,AZE
South Africa,Africa,2004,830,ZAF
Japan,Western Pacific,2004,8752,JPN
Türkiye,Europe,2004,8927,TUR
North Macedonia,Europe,2004,9,MKD
Iraq,Eastern Mediterranean,2004,9081,IRQ
Mozambique,Africa,2004,9396,MOZ
Sudan,Eastern Mediterranean,2004,9562,SDN
Singapore,Western Pacific,2004,96,SGP
Bangladesh,South-East Asia,2004,9743,BGD
Andorra,Europe,2003,0,AND
Anguilla,Americas,2003,0,AIA
Antigua and Barbuda,Americas,2003,0,ATG
Argentina,Americas,2003,0,ARG
Bahamas,Americas,2003,0,BHS
Barbados,Americas,2003,0,BRB
Belize,Americas,2003,0,BLZ
Bhutan,South-East Asia,2003,0,BTN
Bolivia (Plurinational State of),Americas,2003,0,BOL
British Virgin Islands,Americas,2003,0,VGB
Bulgaria,Europe,2003,0,BGR
Cabo Verde,Africa,2003,0,CPV
Cayman Islands,Americas,2003,0,CYM
Colombia,Americas,2003,0,COL
Comoros,Africa,2003,0,COM
Cuba,Americas,2003,0,CUB
Cyprus,Europe,2003,0,CYP
Democratic People's Republic of Korea,South-East Asia,2003,0,PRK
Denmark,Europe,2003,0,DNK
Dominica,Americas,2003,0,DMA
Dominican Republic,Americas,2003,0,DOM
Ecuador,Americas,2003,0,ECU
El Salvador,Americas,2003,0,SLV
Estonia,Europe,2003,0,EST
Finland,Europe,2003,0,FIN
Grenada,Americas,2003,0,GRD
Guatemala,Americas,2003,0,GTM
Guyana,Americas,2003,0,GUY
Haiti,Americas,2003,0,HTI
Honduras,Americas,2003,0,HND
Hungary,Europe,2003,0,HUN
Iceland,Europe,2003,0,ISL
Jamaica,Americas,2003,0,JAM
Micronesia (Federated States of),Western Pacific,2003,0,FSM
Monaco,Europe,2003,0,MCO
New Caledonia,Western Pacific,2003,0,NCL
Nicaragua,Americas,2003,0,NIC
Niue,Western Pacific,2003,0,NIU
Northern Mariana Islands,Western Pacific,2003,0,MNP
Panama,Americas,2003,0,PAN
Paraguay,Americas,2003,0,PRY
Peru,Americas,2003,0,PER
Saint Kitts and Nevis,Americas,2003,0,KNA
Saint Lucia,Americas,2003,0,LCA
Saint Vincent and the Grenadines,Americas,2003,0,VCT
Samoa,Western Pacific,2003,0,WSM
Sao Tome and Principe,Africa,2003,0,STP
Seychelles,Africa,2003,0,SYC
Slovenia,Europe,2003,0,SVN
Solomon Islands,Western Pacific,2003,0,SLB
Suriname,Americas,2003,0,SUR
Tokelau,Western Pacific,2003,0,TKL
Tonga,Western Pacific,2003,0,TON
Trinidad and Tobago,Americas,2003,0,TTO
Turks and Caicos Islands,Americas,2003,0,TCA
Tuvalu,Western Pacific,2003,0,TUV
Uruguay,Americas,2003,0,URY
Venezuela (Bolivarian Republic of),Americas,2003,0,VEN
Wallis and Futuna Islands,Western Pacific,2003,0,WLF
Chile,Americas,2003,1,CHL
Costa Rica,Americas,2003,1,CRI
Lesotho,Africa,2003,1,LSO
Lithuania,Europe,2003,1,LTU
Luxembourg,Europe,2003,1,LUX
Oman,Eastern Mediterranean,2003,1,OMN
Slovakia,Europe,2003,1,SVK
Turkmenistan,Europe,2003,1,TKM
Rwanda,Africa,2003,1064,RWA
Marshall Islands,Western Pacific,2003,1127,MHL
Guinea-Bissau,Africa,2003,1158,GNB
Gambia,Africa,2003,119,GMB
Angola,Africa,2003,1196,AGO
Bahrain,Eastern Mediterranean,2003,12,BHR
Saudi Arabia,Eastern Mediterranean,2003,1208,SAU
Israel,Europe,2003,124,ISR
Liberia,Africa,2003,142,LBR
Canada,Americas,2003,15,CAN
Serbia,Europe,2003,15,SRB
Senegal,Africa,2003,1519,SEN
Egypt,Eastern Mediterranean,2003,164,EGY
Vanuatu,Western Pacific,2003,165,VUT
Malawi,Africa,2003,167,MWI
United Republic of Tanzania,Africa,2003,1673,TZA
Cook Islands,Western Pacific,2003,17,COK
Bosnia and Herzegovina,Europe,2003,18,BIH
Equatorial Guinea,Africa,2003,18,GNQ
Mongolia,Western Pacific,2003,18,MNG
North Macedonia,Europe,2003,18,MKD
Lao People's Democratic Republic,Western Pacific,2003,1810,LAO
Croatia,Europe,2003,19,HRV
Ghana,Africa,2003,1939,GHA
Azerbaijan,Europe,2003,1978,AZE
Brazil,Americas,2003,2,BRA
Belarus,Europe,2003,21,BLR
Tajikistan,Europe,2003,2144,TJK
Georgia,Europe,2003,216,GEO
Benin,Africa,2003,217,BEN
Tunisia,Eastern Mediterranean,2003,22,TUN
Burundi,Africa,2003,224,BDI
Ethiopia,Africa,2003,228,ETH
Viet Nam,Western Pacific,2003,2297,VNM
Mali,Africa,2003,232,MLI
Brunei Darussalam,Western Pacific,2003,24,BRN
Kazakhstan,Europe,2003,24,KAZ
Qatar,Eastern Mediterranean,2003,24,QAT
South Africa,Africa,2003,244,ZAF
Guinea,Africa,2003,2497,GIN
Spain,Europe,2003,256,ESP
Namibia,Africa,2003,262,NAM
Burkina Faso,Africa,2003,2946,BFA
Togo,Africa,2003,295,TGO
"China, Macao Special Administrative Region",Global,2003,3,MAC
San Marino,Europe,2003,3,SMR
Sweden,Europe,2003,3,SWE
Czechia,Europe,2003,30,CZE
Fiji,Western Pacific,2003,305,FJI
Russian Federation,Europe,2003,3291,RUS
"China, Hong Kong Special Administrative Region",Global,2003,33,HKG
Republic of Korea,Western Pacific,2003,33,KOR
Singapore,Western Pacific,2003,33,SGP
Eswatini,Africa,2003,350,SWZ
Mauritania,Africa,2003,3611,MRT
Djibouti,Eastern Mediterranean,2003,37,DJI
Congo,Africa,2003,3712,COG
Eritrea,Africa,2003,376,ERI
Papua New Guinea,Western Pacific,2003,3863,PNG
Armenia,Europe,2003,4,ARM
Malta,Europe,2003,4,MLT
Netherlands (Kingdom of the),Europe,2003,4,NLD
Bangladesh,South-East Asia,2003,4067,BGD
Ukraine,Europe,2003,411,UKR
United Arab Emirates,Eastern Mediterranean,2003,42,ARE
Sudan,Eastern Mediterranean,2003,4381,SDN
Belgium,Europe,2003,44,BEL
Mexico,Americas,2003,44,MEX
Thailand,South-East Asia,2003,4519,THA
United Kingdom of Great Britain and Northern Ireland,Europe,2003,460,GBR
Pakistan,Eastern Mediterranean,2003,4740,PAK
Cote d'Ivoire,Africa,2003,4770,CIV
Poland,Europe,2003,48,POL
Lebanon,Eastern Mediterranean,2003,526,LBN
United States of America,Americas,2003,56,USA
Switzerland,Europe,2003,574,CHE
Ireland,Europe,2003,584,IRL
Türkiye,Europe,2003,5844,TUR
Sierra Leone,Africa,2003,586,SLE
Botswana,Africa,2003,59,BWA
Kyrgyzstan,Europe,2003,6,KGZ
Malaysia,Western Pacific,2003,632,MYS
Kenya,Africa,2003,65,KEN
Sri Lanka,South-East Asia,2003,65,LKA
Central African Republic,Africa,2003,652,CAF
Cambodia,Western Pacific,2003,653,KHM
New Zealand,Western Pacific,2003,66,NZL
Guam,Western Pacific,2003,7,GUM
Maldives,South-East Asia,2003,75,MDV
Jordan,Eastern Mediterranean,2003,76,JOR
Mauritius,Africa,2003,777,MUS
Germany,Europe,2003,779,DEU
Afghanistan,Eastern Mediterranean,2003,798,AFG
Albania,Europe,2003,8,ALB
Norway,Europe,2003,8,NOR
Portugal,Europe,2003,8,PRT
Syrian Arab Republic,Eastern Mediterranean,2003,801,SYR
Somalia,Eastern Mediterranean,2003,8257,SOM
Japan,Western Pacific,2003,8286,JPN
Myanmar,South-East Asia,2003,830,MMR
Uzbekistan,Europe,2003,85,UZB
Yemen,Eastern Mediterranean,2003,8536,YEM
Republic of Moldova,Europe,2003,87,MDA
Zambia,Africa,2003,881,ZMB
Cameroon,Africa,2003,899,CMR
Romania,Europe,2003,9,ROU
Austria,Europe,2003,90,AUT
Australia,Western Pacific,2003,91,AUS
Timor-Leste,South-East Asia,2003,94,TLS
Zimbabwe,Africa,2003,998,ZWE
Antigua and Barbuda,Americas,2002,0,ATG
Argentina,Americas,2002,0,ARG
Bahamas,Americas,2002,0,BHS
Barbados,Americas,2002,0,BRB
Belize,Americas,2002,0,BLZ
Bermuda,Americas,2002,0,BMU
Bolivia (Plurinational State of),Americas,2002,0,BOL
British Virgin Islands,Americas,2002,0,VGB
Bulgaria,Europe,2002,0,BGR
Cabo Verde,Africa,2002,0,CPV
Cayman Islands,Americas,2002,0,CYM
Chile,Americas,2002,0,CHL
Comoros,Africa,2002,0,COM
Cook Islands,Western Pacific,2002,0,COK
Costa Rica,Americas,2002,0,CRI
Cuba,Americas,2002,0,CUB
Cyprus,Europe,2002,0,CYP
Democratic People's Republic of Korea,South-East Asia,2002,0,PRK
Dominica,Americas,2002,0,DMA
Dominican Republic,Americas,2002,0,DOM
Ecuador,Americas,2002,0,ECU
El Salvador,Americas,2002,0,SLV
Estonia,Europe,2002,0,EST
Finland,Europe,2002,0,FIN
Grenada,Americas,2002,0,GRD
Guatemala,Americas,2002,0,GTM
Guyana,Americas,2002,0,GUY
Haiti,Americas,2002,0,HTI
Honduras,Americas,2002,0,HND
Hungary,Europe,2002,0,HUN
Jamaica,Americas,2002,0,JAM
Kiribati,Western Pacific,2002,0,KIR
Lesotho,Africa,2002,0,LSO
Marshall Islands,Western Pacific,2002,0,MHL
Mexico,Americas,2002,0,MEX
Montserrat,Americas,2002,0,MSR
Nauru,Western Pacific,2002,0,NRU
Nicaragua,Americas,2002,0,NIC
Niue,Western Pacific,2002,0,NIU
Palau,Western Pacific,2002,0,PLW
Panama,Americas,2002,0,PAN
Paraguay,Americas,2002,0,PRY
Peru,Americas,2002,0,PER
Saint Kitts and Nevis,Americas,2002,0,KNA
Saint Lucia,Americas,2002,0,LCA
Saint Vincent and the Grenadines,Americas,2002,0,VCT
Sao Tome and Principe,Africa,2002,0,STP
Seychelles,Africa,2002,0,SYC
Slovakia,Europe,2002,0,SVK
Slovenia,Europe,2002,0,SVN
Solomon Islands,Western Pacific,2002,0,SLB
Suriname,Americas,2002,0,SUR
Timor-Leste,South-East Asia,2002,0,TLS
Tonga,Western Pacific,2002,0,TON
Trinidad and Tobago,Americas,2002,0,TTO
Turks and Caicos Islands,Americas,2002,0,TCA
Tuvalu,Western Pacific,2002,0,TUV
Uruguay,Americas,2002,0,URY
Andorra,Europe,2002,1,AND
Brazil,Americas,2002,1,BRA
Vanuatu,Western Pacific,2002,101,VUT
Burundi,Africa,2002,1016,BDI
Lithuania,Europe,2002,103,LTU
South Africa,Africa,2002,1043,ZAF
Turkmenistan,Europe,2002,11,TKM
Gabon,Africa,2002,110,GAB
Mongolia,Western Pacific,2002,1205,MNG
Namibia,Africa,2002,1278,NAM
Liberia,Africa,2002,131,LBR
Cambodia,Western Pacific,2002,1361,KHM
Colombia,Americas,2002,139,COL
Sri Lanka,South-East Asia,2002,139,LKA
Belarus,Europe,2002,14,BLR
Romania,Europe,2002,14,ROU
Cameroon,Africa,2002,1448,CMR
Benin,Africa,2002,1588,BEN
Albania,Europe,2002,16,ALB
Burkina Faso,Africa,2002,1744,BFA
Kazakhstan,Europe,2002,18,KAZ
Jordan,Eastern Mediterranean,2002,19,JOR
North Macedonia,Europe,2002,19,MKD
Georgia,Europe,2002,199,GEO
Israel,Europe,2002,2,ISR
Kyrgyzstan,Europe,2002,2,KGZ
Lao People's Democratic Republic,Western Pacific,2002,2070,LAO
New Zealand,Western Pacific,2002,21,NZL
Singapore,Western Pacific,2002,211,SGP
Guinea,Africa,2002,2151,GIN
Venezuela (Bolivarian Republic of),Americas,2002,2392,VEN
Equatorial Guinea,Africa,2002,24,GNQ
Ireland,Europe,2002,243,IRL
Afghanistan,Eastern Mediterranean,2002,2486,AFG
Uzbekistan,Europe,2002,25,UZB
Bhutan,South-East Asia,2002,27,BTN
Rwanda,Africa,2002,2738,RWA
Congo,Africa,2002,2788,COG
Bosnia and Herzegovina,Europe,2002,28,BIH
Guinea-Bissau,Africa,2002,298,GNB
Netherlands (Kingdom of the),Europe,2002,3,NLD
Fiji,Western Pacific,2002,304,FJI
Zimbabwe,Africa,2002,304,ZWE
Saudi Arabia,Eastern Mediterranean,2002,311,SAU
United Kingdom of Great Britain and Northern Ireland,Europe,2002,314,GBR
Australia,Western Pacific,2002,32,AUS
Denmark,Europe,2002,32,DNK
Gambia,Africa,2002,32,GMB
Ethiopia,Africa,2002,3332,ETH
Poland,Europe,2002,34,POL
Qatar,Eastern Mediterranean,2002,34,QAT
Bangladesh,South-East Asia,2002,3484,BGD
Lebanon,Eastern Mediterranean,2002,36,LBN
Togo,Africa,2002,363,TGO
Eswatini,Africa,2002,37,SWZ
Libya,Eastern Mediterranean,2002,3890,LBY
Pakistan,Eastern Mediterranean,2002,3903,PAK
Czechia,Europe,2002,4,CZE
Armenia,Europe,2002,40,ARM
Malaysia,Western Pacific,2002,408,MYS
United States of America,Americas,2002,41,USA
Azerbaijan,Europe,2002,4353,AZE
Sudan,Eastern Mediterranean,2002,4529,SDN
Eritrea,Africa,2002,460,ERI
Germany,Europe,2002,4657,DEU
Republic of Moldova,Europe,2002,4929,MDA
Greece,Europe,2002,5,GRC
Norway,Europe,2002,5,NOR
Oman,Eastern Mediterranean,2002,5,OMN
Djibouti,Eastern Mediterranean,2002,50,DJI
United Republic of Tanzania,Africa,2002,5131,TZA
France,Europe,2002,5185,FRA
United Arab Emirates,Eastern Mediterranean,2002,53,ARE
Syrian Arab Republic,Eastern Mediterranean,2002,538,SYR
Sierra Leone,Africa,2002,568,SLE
Russian Federation,Europe,2002,580,RUS
Algeria,Africa,2002,5862,DZA
Cote d'Ivoire,Africa,2002,5882,CIV
Canada,Americas,2002,6,CAN
Croatia,Europe,2002,6,HRV
Morocco,Eastern Mediterranean,2002,6000,MAR
Republic of Korea,Western Pacific,2002,62,KOR
Serbia,Europe,2002,63,SRB
Egypt,Eastern Mediterranean,2002,653,EGY
Spain,Europe,2002,67,ESP
Nepal,South-East Asia,2002,6749,NPL
Viet Nam,Western Pacific,2002,6755,VNM
Botswana,Africa,2002,7,BWA
Malta,Europe,2002,7,MLT
Philippines,Western Pacific,2002,7003,PHL
Mozambique,Africa,2002,7155,MOZ
Mali,Africa,2002,717,MLI
Chad,Africa,2002,7277,TCD
Myanmar,South-East Asia,2002,736,MMR
Ukraine,Europe,2002,7587,UKR
Kenya,Africa,2002,766,KEN
Türkiye,Europe,2002,7823,TUR
Bahrain,Eastern Mediterranean,2002,8,BHR
Portugal,Europe,2002,8,PRT
Mauritania,Africa,2002,883,MRT
Yemen,Eastern Mediterranean,2002,890,YEM
Sweden,Europe,2002,9,SWE
Malawi,Africa,2002,92,MWI
Maldives,South-East Asia,2002,926,MDV
Tajikistan,Europe,2002,927,TJK
Central African Republic,Africa,2002,938,CAF
Italy,Europe,2002,9385,ITA
Iran (Islamic Republic of),Eastern Mediterranean,2002,9554,IRN
Somalia,Eastern Mediterranean,2002,9559,SOM
Tunisia,Eastern Mediterranean,2002,98,TUN
American Samoa,Western Pacific,2001,0,ASM
Anguilla,Americas,2001,0,AIA
Antigua and Barbuda,Americas,2001,0,ATG
Argentina,Americas,2001,0,ARG
Austria,Europe,2001,0,AUT
Bahamas,Americas,2001,0,BHS
Barbados,Americas,2001,0,BRB
Belize,Americas,2001,0,BLZ
Bermuda,Americas,2001,0,BMU
Bolivia (Plurinational State of),Americas,2001,0,BOL
British Virgin Islands,Americas,2001,0,VGB
Cabo Verde,Africa,2001,0,CPV
Cayman Islands,Americas,2001,0,CYM
Chile,Americas,2001,0,CHL
Cook Islands,Western Pacific,2001,0,COK
Costa Rica,Americas,2001,0,CRI
Cuba,Americas,2001,0,CUB
Democratic People's Republic of Korea,South-East Asia,2001,0,PRK
Dominica,Americas,2001,0,DMA
Estonia,Europe,2001,0,EST
Grenada,Americas,2001,0,GRD
Guam,Western Pacific,2001,0,GUM
Guatemala,Americas,2001,0,GTM
Guyana,Americas,2001,0,GUY
Honduras,Americas,2001,0,HND
Iceland,Europe,2001,0,ISL
Jamaica,Americas,2001,0,JAM
Kiribati,Western Pacific,2001,0,KIR
Maldives,South-East Asia,2001,0,MDV
Marshall Islands,Western Pacific,2001,0,MHL
Mauritius,Africa,2001,0,MUS
Micronesia (Federated States of),Western Pacific,2001,0,FSM
Montserrat,Americas,2001,0,MSR
Nauru,Western Pacific,2001,0,NRU
New Caledonia,Western Pacific,2001,0,NCL
Nicaragua,Americas,2001,0,NIC
Niue,Western Pacific,2001,0,NIU
Panama,Americas,2001,0,PAN
Paraguay,Americas,2001,0,PRY
Peru,Americas,2001,0,PER
Saint Kitts and Nevis,Americas,2001,0,KNA
Saint Lucia,Americas,2001,0,LCA
Saint Vincent and the Grenadines,Americas,2001,0,VCT
Sao Tome and Principe,Africa,2001,0,STP
Seychelles,Africa,2001,0,SYC
Slovakia,Europe,2001,0,SVK
Slovenia,Europe,2001,0,SVN
Solomon Islands,Western Pacific,2001,0,SLB
Suriname,Americas,2001,0,SUR
Tokelau,Western Pacific,2001,0,TKL
Trinidad and Tobago,Americas,2001,0,TTO
Turks and Caicos Islands,Americas,2001,0,TCA
Tuvalu,Western Pacific,2001,0,TUV
Uruguay,Americas,2001,0,URY
Botswana,Africa,2001,1,BWA
Brazil,Americas,2001,1,BRA
Finland,Europe,2001,1,FIN
Latvia,Europe,2001,1,LVA
Romania,Europe,2001,10,ROU
Brunei Darussalam,Western Pacific,2001,11,BRN
Denmark,Europe,2001,11,DNK
Dominican Republic,Americas,2001,113,DOM
Venezuela (Bolivarian Republic of),Americas,2001,115,VEN
United States of America,Americas,2001,116,USA
South Africa,Africa,2001,1166,ZAF
Greece,Europe,2001,12,GRC
Guinea-Bissau,Africa,2001,126,GNB
Poland,Europe,2001,133,POL
Equatorial Guinea,Africa,2001,1339,GNQ
Liberia,Africa,2001,1379,LBR
Mauritania,Africa,2001,1398,MRT
Australia,Western Pacific,2001,141,AUS
Oman,Eastern Mediterranean,2001,15,OMN
Malawi,Africa,2001,150,MWI
Saudi Arabia,Eastern Mediterranean,2001,155,SAU
Haiti,Americas,2001,159,HTI
Fiji,Western Pacific,2001,17,FJI
Kyrgyzstan,Europe,2001,17,KGZ
"China, Hong Kong Special Administrative Region",Global,2001,179,HKG
Albania,Europe,2001,18,ALB
Togo,Africa,2001,1833,TGO
Israel,Europe,2001,19,ISR
Ecuador,Americas,2001,2,ECU
El Salvador,Americas,2001,2,SLV
Malta,Europe,2001,2,MLT
Hungary,Europe,2001,20,HUN
Eritrea,Africa,2001,204,ERI
Russian Federation,Europe,2001,2072,RUS
Egypt,Eastern Mediterranean,2001,2150,EGY
Congo,Africa,2001,2152,COG
Lesotho,Africa,2001,217,LSO
Malaysia,Western Pacific,2001,2198,MYS
Uzbekistan,Europe,2001,22,UZB
Qatar,Eastern Mediterranean,2001,23,QAT
Tunisia,Eastern Mediterranean,2001,231,TUN
Ethiopia,Africa,2001,2366,ETH
Ireland,Europe,2001,241,IRL
Myanmar,South-East Asia,2001,2519,MMR
Algeria,Africa,2001,2686,DZA
North Macedonia,Europe,2001,27,MKD
Morocco,Eastern Mediterranean,2001,2724,MAR
Central African Republic,Africa,2001,2837,CAF
Syrian Arab Republic,Eastern Mediterranean,2001,290,SYR
"China, Macao Special Administrative Region",Global,2001,3,MAC
Colombia,Americas,2001,3,COL
French Polynesia,Western Pacific,2001,3,PYF
Mexico,Americas,2001,3,MEX
United Arab Emirates,Eastern Mediterranean,2001,30,ARE
Sri Lanka,South-East Asia,2001,309,LKA
Canada,Americas,2001,34,CAN
Georgia,Europe,2001,35,GEO
Serbia,Europe,2001,35,SRB
Somalia,Eastern Mediterranean,2001,3571,SOM
Cambodia,Western Pacific,2001,3761,KHM
Tajikistan,Europe,2001,38,TJK
Indonesia,South-East Asia,2001,3825,IDN
Pakistan,Eastern Mediterranean,2001,3849,PAK
Norway,Europe,2001,4,NOR
Tonga,Western Pacific,2001,4,TON
Papua New Guinea,Western Pacific,2001,4023,PNG
Singapore,Western Pacific,2001,408,SGP
Iraq,Eastern Mediterranean,2001,4088,IRQ
Namibia,Africa,2001,416,NAM
Burkina Faso,Africa,2001,4174,BFA
Sudan,Eastern Mediterranean,2001,4362,SDN
Bangladesh,South-East Asia,2001,4414,BGD
Mali,Africa,2001,4464,MLI
Belarus,Europe,2001,45,BLR
Republic of Moldova,Europe,2001,457,MDA
Yemen,Eastern Mediterranean,2001,485,YEM
Eswatini,Africa,2001,49,SWZ
Andorra,Europe,2001,5,AND
Bahrain,Eastern Mediterranean,2001,5,BHR
Sweden,Europe,2001,5,SWE
Gabon,Africa,2001,5129,GAB
Zimbabwe,Africa,2001,529,ZWE
Azerbaijan,Europe,2001,574,AZE
Cote d'Ivoire,Africa,2001,5790,CIV
Benin,Africa,2001,5859,BEN
Czechia,Europe,2001,6,CZE
Germany,Europe,2001,6024,DEU
Jordan,Eastern Mediterranean,2001,61,JOR
Libya,Eastern Mediterranean,2001,633,LBY
Sierra Leone,Africa,2001,649,SLE
New Zealand,Western Pacific,2001,65,NZL
Armenia,Europe,2001,69,ARM
Lithuania,Europe,2001,7,LTU
Vanuatu,Western Pacific,2001,7,VUT
Switzerland,Europe,2001,700,CHE
Mozambique,Africa,2001,7085,MOZ
United Kingdom of Great Britain and Northern Ireland,Europe,2001,73,GBR
Thailand,South-East Asia,2001,7319,THA
Philippines,Western Pacific,2001,7360,PHL
Guinea,Africa,2001,7408,GIN
Bhutan,South-East Asia,2001,756,BTN
Djibouti,Eastern Mediterranean,2001,79,DJI
Bulgaria,Europe,2001,8,BGR
Croatia,Europe,2001,8,HRV
Lebanon,Eastern Mediterranean,2001,8,LBN
Democratic Republic of the Congo,Africa,2001,8072,COD
Belgium,Europe,2001,83,BEL
Afghanistan,Eastern Mediterranean,2001,8762,AFG
Rwanda,Africa,2001,896,RWA
Turkmenistan,Europe,2001,9,TKM
Angola,Africa,2001,9046,AGO
Madagascar,Africa,2001,9357,MDG
Kazakhstan,Europe,2001,94,KAZ
Lao People's Democratic Republic,Western Pacific,2001,94,LAO
Iran (Islamic Republic of),Eastern Mediterranean,2001,9582,IRN
Gambia,Africa,2001,99,GMB
Anguilla,Americas,2000,0,AIA
Antigua and Barbuda,Americas,2000,0,ATG
Bahamas,Americas,2000,0,BHS
Barbados,Americas,2000,0,BRB
Belize,Americas,2000,0,BLZ
Bermuda,Americas,2000,0,BMU
British Virgin Islands,Americas,2000,0,VGB
Cayman Islands,Americas,2000,0,CYM
Chile,Americas,2000,0,CHL
Costa Rica,Americas,2000,0,CRI
Cuba,Americas,2000,0,CUB
Cyprus,Europe,2000,0,CYP
Dominica,Americas,2000,0,DMA
Ecuador,Americas,2000,0,ECU
El Salvador,Americas,2000,0,SLV
Grenada,Americas,2000,0,GRD
Guam,Western Pacific,2000,0,GUM
Guatemala,Americas,2000,0,GTM
Guyana,Americas,2000,0,GUY
Honduras,Americas,2000,0,HND
Iceland,Europe,2000,0,ISL
Jamaica,Americas,2000,0,JAM
Kiribati,Western Pacific,2000,0,KIR
Latvia,Europe,2000,0,LVA
Luxembourg,Europe,2000,0,LUX
Marshall Islands,Western Pacific,2000,0,MHL
Mauritius,Africa,2000,0,MUS
Micronesia (Federated States of),Western Pacific,2000,0,FSM
Nauru,Western Pacific,2000,0,NRU
New Caledonia,Western Pacific,2000,0,NCL
Nicaragua,Americas,2000,0,NIC
Niue,Western Pacific,2000,0,NIU
Northern Mariana Islands,Western Pacific,2000,0,MNP
Norway,Europe,2000,0,NOR
Palau,Western Pacific,2000,0,PLW
Panama,Americas,2000,0,PAN
Paraguay,Americas,2000,0,PRY
Saint Kitts and Nevis,Americas,2000,0,KNA
Saint Lucia,Americas,2000,0,LCA
Saint Vincent and the Grenadines,Americas,2000,0,VCT
Sao Tome and Principe,Africa,2000,0,STP
Slovakia,Europe,2000,0,SVK
Suriname,Americas,2000,0,SUR
Tokelau,Western Pacific,2000,0,TKL
Tonga,Western Pacific,2000,0,TON
Trinidad and Tobago,Americas,2000,0,TTO
Turks and Caicos Islands,Americas,2000,0,TCA
Uruguay,Americas,2000,0,URY
Wallis and Futuna Islands,Western Pacific,2000,0,WLF
American Samoa,Western Pacific,2000,1,ASM
Colombia,Americas,2000,1,COL
Hungary,Europe,2000,1,HUN
Peru,Americas,2000,1,PER
San Marino,Europe,2000,1,SMR
Eswatini,Africa,2000,10,SWZ
Netherlands (Kingdom of the),Europe,2000,1019,NLD
United Kingdom of Great Britain and Northern Ireland,Europe,2000,104,GBR
Australia,Western Pacific,2000,108,AUS
Turkmenistan,Europe,2000,113,TKM
Bolivia (Plurinational State of),Americas,2000,122,BOL
Denmark,Europe,2000,14,DNK
Singapore,Western Pacific,2000,141,SGP
Italy,Europe,2000,1457,ITA
South Africa,Africa,2000,1459,ZAF
Syrian Arab Republic,Eastern Mediterranean,2000,146,SYR
Zimbabwe,Africa,2000,1483,ZWE
Armenia,Europe,2000,15,ARM
Gabon,Africa,2000,15,GAB
Oman,Eastern Mediterranean,2000,15,OMN
Spain,Europe,2000,152,ESP
Mali,Africa,2000,1578,MLI
Kyrgyzstan,Europe,2000,16,KGZ
Ethiopia,Africa,2000,1660,ETH
Congo,Africa,2000,1678,COG
Djibouti,Eastern Mediterranean,2000,183,DJI
Lithuania,Europe,2000,19,LTU
Tajikistan,Europe,2000,192,TJK
Andorra,Europe,2000,2,AND
Cabo Verde,Africa,2000,2,CPV
Cook Islands,Western Pacific,2000,2,COK
Malta,Europe,2000,2,MLT
Maldives,South-East Asia,2000,20,MDV
Canada,Americas,2000,206,CAN
Pakistan,Eastern Mediterranean,2000,2064,PAK
Rwanda,Africa,2000,2095,RWA
Belarus,Europe,2000,21,BLR
Azerbaijan,Europe,2000,210,AZE
Venezuela (Bolivarian Republic of),Americas,2000,22,VEN
Angola,Africa,2000,2219,AGO
Kazakhstan,Europe,2000,245,KAZ
Dominican Republic,Americas,2000,253,DOM
Egypt,Eastern Mediterranean,2000,2633,EGY
Botswana,Africa,2000,2672,BWA
Sudan,Eastern Mediterranean,2000,2875,SDN
Mexico,Americas,2000,30,MEX
Malawi,Africa,2000,304,MWI
Jordan,Eastern Mediterranean,2000,32,JOR
Central African Republic,Africa,2000,3207,CAF
Lao People's Democratic Republic,Western Pacific,2000,332,LAO
Indonesia,South-East Asia,2000,3344,IDN
Gambia,Africa,2000,336,GMB
Romania,Europe,2000,35,ROU
Chad,Africa,2000,3546,TCD
Sierra Leone,Africa,2000,3575,SLE
Togo,Africa,2000,3578,TGO
Brazil,Americas,2000,36,BRA
Israel,Europe,2000,36,ISR
North Macedonia,Europe,2000,36,MKD
Serbia,Europe,2000,38,SRB
Somalia,Eastern Mediterranean,2000,3965,SOM
Thailand,South-East Asia,2000,4074,THA
Bhutan,South-East Asia,2000,418,BTN
Brunei Darussalam,Western Pacific,2000,42,BRN
Benin,Africa,2000,4244,BEN
Bosnia and Herzegovina,Europe,2000,43,BIH
Portugal,Europe,2000,45,PRT
Bulgaria,Europe,2000,46,BGR
Qatar,Eastern Mediterranean,2000,46,QAT
Namibia,Africa,2000,469,NAM
Tunisia,Eastern Mediterranean,2000,47,TUN
Russian Federation,Europe,2000,4800,RUS
"China, Macao Special Administrative Region",Global,2000,5,MAC
Lebanon,Eastern Mediterranean,2000,5,LBN
"occupied Palestinian territory, including east Jerusalem",Eastern Mediterranean,2000,5,PSE
Georgia,Europe,2000,50,GEO
Bangladesh,South-East Asia,2000,5098,BGD
Greece,Europe,2000,56,GRC
Cote d'Ivoire,Africa,2000,5729,CIV
Senegal,Africa,2000,5839,SEN
Sweden,Europe,2000,59,SWE
Liberia,Africa,2000,5977,LBR
Argentina,Americas,2000,6,ARG
Bahrain,Eastern Mediterranean,2000,6,BHR
Kuwait,Eastern Mediterranean,2000,6,KWT
"China, Hong Kong Special Administrative Region",Global,2000,60,HKG
Burkina Faso,Africa,2000,6074,BFA
Malaysia,Western Pacific,2000,6187,MYS
New Zealand,Western Pacific,2000,65,NZL
Afghanistan,Eastern Mediterranean,2000,6532,AFG
Lesotho,Africa,2000,660,LSO
Albania,Europe,2000,662,ALB
Republic of Moldova,Europe,2000,687,MDA
United Arab Emirates,Eastern Mediterranean,2000,69,ARE
Philippines,Western Pacific,2000,7120,PHL
Papua New Guinea,Western Pacific,2000,7135,PNG
Iraq,Eastern Mediterranean,2000,726,IRQ
Morocco,Eastern Mediterranean,2000,7368,MAR
Mozambique,Africa,2000,7375,MOZ
Poland,Europe,2000,77,POL
Eritrea,Africa,2000,789,ERI
Uzbekistan,Europe,2000,80,UZB
Ukraine,Europe,2000,817,UKR
Democratic Republic of the Congo,Africa,2000,8282,COD
Myanmar,South-East Asia,2000,845,MMR
United States of America,Americas,2000,85,USA
Croatia,Europe,2000,9,HRV
Czechia,Europe,2000,9,CZE
Estonia,Europe,2000,9,EST
Vanuatu,Western Pacific,2000,9,VUT
Mongolia,Western Pacific,2000,925,MNG
Nepal,South-East Asia,2000,9397,NPL
Haiti,Americas,2000,992,HTI
American Samoa,Western Pacific,1999,0,ASM
Anguilla,Americas,1999,0,AIA
Antigua and Barbuda,Americas,1999,0,ATG
Bahamas,Americas,1999,0,BHS
Barbados,Americas,1999,0,BRB
Belize,Americas,1999,0,BLZ
Bermuda,Americas,1999,0,BMU
British Virgin Islands,Americas,1999,0,VGB
Cayman Islands,Americas,1999,0,CYM
Comoros,Africa,1999,0,COM
Cook Islands,Western Pacific,1999,0,COK
Cuba,Americas,1999,0,CUB
Cyprus,Europe,1999,0,CYP
Democratic People's Republic of Korea,South-East Asia,1999,0,PRK
Dominica,Americas,1999,0,DMA
Ecuador,Americas,1999,0,ECU
El Salvador,Americas,1999,0,SLV
Eswatini,Africa,1999,0,SWZ
Grenada,Americas,1999,0,GRD
Guatemala,Americas,1999,0,GTM
Guyana,Americas,1999,0,GUY
Haiti,Americas,1999,0,HTI
Honduras,Americas,1999,0,HND
Jamaica,Americas,1999,0,JAM
Latvia,Europe,1999,0,LVA
Marshall Islands,Western Pacific,1999,0,MHL
Mauritius,Africa,1999,0,MUS
Mexico,Americas,1999,0,MEX
Micronesia (Federated States of),Western Pacific,1999,0,FSM
Montserrat,Americas,1999,0,MSR
Nicaragua,Americas,1999,0,NIC
Niue,Western Pacific,1999,0,NIU
Northern Mariana Islands,Western Pacific,1999,0,MNP
Palau,Western Pacific,1999,0,PLW
Panama,Americas,1999,0,PAN
Paraguay,Americas,1999,0,PRY
Saint Kitts and Nevis,Americas,1999,0,KNA
Saint Lucia,Americas,1999,0,LCA
Saint Vincent and the Grenadines,Americas,1999,0,VCT
San Marino,Europe,1999,0,SMR
Slovakia,Europe,1999,0,SVK
Suriname,Americas,1999,0,SUR
Tokelau,Western Pacific,1999,0,TKL
Trinidad and Tobago,Americas,1999,0,TTO
Turks and Caicos Islands,Americas,1999,0,TCA
Tuvalu,Western Pacific,1999,0,TUV
Venezuela (Bolivarian Republic of),Americas,1999,0,VEN
Wallis and Futuna Islands,Western Pacific,1999,0,WLF
Austria,Europe,1999,1,AUT
Cabo Verde,Africa,1999,1,CPV
"China, Macao Special Administrative Region",Global,1999,1,MAC
Guam,Western Pacific,1999,1,GUM
Hungary,Europe,1999,1,HUN
Malta,Europe,1999,1,MLT
Nauru,Western Pacific,1999,1,NRU
Slovenia,Europe,1999,1,SVN
Mongolia,Western Pacific,1999,10,MNG
United States of America,Americas,1999,100,USA
Tunisia,Eastern Mediterranean,1999,101,TUN
New Zealand,Western Pacific,1999,106,NZL
Azerbaijan,Europe,1999,1081,AZE
Jordan,Eastern Mediterranean,1999,115,JOR
United Arab Emirates,Eastern Mediterranean,1999,117,ARE
Uzbekistan,Europe,1999,1193,UZB
Estonia,Europe,1999,12,EST
Peru,Americas,1999,12,PER
Vanuatu,Western Pacific,1999,12,VUT
French Polynesia,Western Pacific,1999,13,PYF
Kuwait,Eastern Mediterranean,1999,13,KWT
Bosnia and Herzegovina,Europe,1999,133,BIH
"occupied Palestinian territory, including east Jerusalem",Eastern Mediterranean,1999,138,PSE
Ukraine,Europe,1999,1389,UKR
Kazakhstan,Europe,1999,1391,KAZ
Israel,Europe,1999,14,ISR
Georgia,Europe,1999,144,GEO
Bolivia (Plurinational State of),Americas,1999,1441,BOL
Ireland,Europe,1999,147,IRL
Malawi,Africa,1999,152,MWI
Belarus,Europe,1999,153,BLR
Egypt,Eastern Mediterranean,1999,1547,EGY
Liberia,Africa,1999,1679,LBR
Tajikistan,Europe,1999,177,TJK
Andorra,Europe,1999,2,AND
Czechia,Europe,1999,2,CZE
Kiribati,Western Pacific,1999,2,KIR
Seychelles,Africa,1999,2,SYC
Brunei Darussalam,Western Pacific,1999,23,BRN
Costa Rica,Americas,1999,23,CRI
Lithuania,Europe,1999,23,LTU
Lao People's Democratic Republic,Western Pacific,1999,2302,LAO
Australia,Western Pacific,1999,235,AUS
Netherlands (Kingdom of the),Europe,1999,2368,NLD
Bulgaria,Europe,1999,24,BGR
Romania,Europe,1999,240,ROU
Sri Lanka,South-East Asia,1999,2417,LKA
Republic of Moldova,Europe,1999,245,MDA
Spain,Europe,1999,246,ESP
Algeria,Africa,1999,2503,DZA
Mali,Africa,1999,2506,MLI
Togo,Africa,1999,2540,TGO
Benin,Africa,1999,2573,BEN
Malaysia,Western Pacific,1999,2576,MYS
Dominican Republic,Americas,1999,274,DOM
Saudi Arabia,Eastern Mediterranean,1999,2815,SAU
Serbia,Europe,1999,288,SRB
Canada,Americas,1999,29,CAN
Italy,Europe,1999,2908,ITA
Burundi,Africa,1999,2928,BDI
Pakistan,Eastern Mediterranean,1999,2940,PAK
Namibia,Africa,1999,296,NAM
Philippines,Western Pacific,1999,2981,PHL
Syrian Arab Republic,Eastern Mediterranean,1999,3,SYR
Chile,Americas,1999,31,CHL
Croatia,Europe,1999,31,HRV
Argentina,Americas,1999,313,ARG
Congo,Africa,1999,313,COG
Thailand,South-East Asia,1999,3167,THA
"China, Hong Kong Special Administrative Region",Global,1999,32,HKG
Eritrea,Africa,1999,320,ERI
Sudan,Eastern Mediterranean,1999,3347,SDN
Uruguay,Americas,1999,34,URY
Djibouti,Eastern Mediterranean,1999,341,DJI
Angola,Africa,1999,350,AGO
Afghanistan,Eastern Mediterranean,1999,3609,AFG
Senegal,Africa,1999,3668,SEN
Bahrain,Eastern Mediterranean,1999,38,BHR
South Africa,Africa,1999,385,ZAF
Mozambique,Africa,1999,3936,MOZ
Armenia,Europe,1999,41,ARM
Iran (Islamic Republic of),Eastern Mediterranean,1999,4137,IRN
Rwanda,Africa,1999,4359,RWA
Botswana,Africa,1999,439,BWA
Colombia,Americas,1999,44,COL
Turkmenistan,Europe,1999,452,TKM
Guinea-Bissau,Africa,1999,472,GNB
Indonesia,South-East Asia,1999,4767,IDN
Kyrgyzstan,Europe,1999,478,KGZ
Cote d'Ivoire,Africa,1999,4824,CIV
Portugal,Europe,1999,50,PRT
Mauritania,Africa,1999,5263,MRT
North Macedonia,Europe,1999,53,MKD
Ethiopia,Africa,1999,5329,ETH
Burkina Faso,Africa,1999,5516,BFA
Somalia,Eastern Mediterranean,1999,5523,SOM
Bangladesh,South-East Asia,1999,5666,BGD
United Republic of Tanzania,Africa,1999,5887,TZA
Tonga,Western Pacific,1999,6,TON
Central African Republic,Africa,1999,600,CAF
Papua New Guinea,Western Pacific,1999,6304,PNG
Singapore,Western Pacific,1999,65,SGP
Chad,Africa,1999,6868,TCD
Greece,Europe,1999,69,GRC
Russian Federation,Europe,1999,7428,RUS
Zimbabwe,Africa,1999,772,ZWE
Myanmar,South-East Asia,1999,791,MMR
Albania,Europe,1999,797,ALB
Lebanon,Eastern Mediterranean,1999,8,LBN
Switzerland,Europe,1999,800,CHE
Gambia,Africa,1999,856,GMB
Kenya,Africa,1999,8601,KEN
Oman,Eastern Mediterranean,1999,9,OMN
Brazil,Americas,1999,908,BRA
Lesotho,Africa,1999,944,LSO
Poland,Europe,1999,99,POL
Bhutan,South-East Asia,1999,9920,BTN
Iraq,Eastern Mediterranean,1999,9920,IRQ
Anguilla,Americas,1998,0,AIA
Antigua and Barbuda,Americas,1998,0,ATG
Austria,Europe,1998,0,AUT
Bahamas,Americas,1998,0,BHS
Barbados,Americas,1998,0,BRB
Belgium,Europe,1998,0,BEL
Belize,Americas,1998,0,BLZ
Bermuda,Americas,1998,0,BMU
British Virgin Islands,Americas,1998,0,VGB
Cayman Islands,Americas,1998,0,CYM
"China, Macao Special Administrative Region",Global,1998,0,MAC
Comoros,Africa,1998,0,COM
Cuba,Americas,1998,0,CUB
Democratic People's Republic of Korea,South-East Asia,1998,0,PRK
Dominica,Americas,1998,0,DMA
Ecuador,Americas,1998,0,ECU
El Salvador,Americas,1998,0,SLV
French Polynesia,Western Pacific,1998,0,PYF
Grenada,Americas,1998,0,GRD
Guam,Western Pacific,1998,0,GUM
Guyana,Americas,1998,0,GUY
Honduras,Americas,1998,0,HND
Maldives,South-East Asia,1998,0,MDV
Marshall Islands,Western Pacific,1998,0,MHL
Mexico,Americas,1998,0,MEX
Micronesia (Federated States of),Western Pacific,1998,0,FSM
Monaco,Europe,1998,0,MCO
Montserrat,Americas,1998,0,MSR
Nicaragua,Americas,1998,0,NIC
Niue,Western Pacific,1998,0,NIU
Panama,Americas,1998,0,PAN
Saint Kitts and Nevis,Americas,1998,0,KNA
Saint Lucia,Americas,1998,0,LCA
Saint Vincent and the Grenadines,Americas,1998,0,VCT
Solomon Islands,Western Pacific,1998,0,SLB
Suriname,Americas,1998,0,SUR
Tokelau,Western Pacific,1998,0,TKL
Trinidad and Tobago,Americas,1998,0,TTO
Turks and Caicos Islands,Americas,1998,0,TCA
Wallis and Futuna Islands,Western Pacific,1998,0,WLF
Cyprus,Europe,1998,1,CYP
Finland,Europe,1998,1,FIN
Guatemala,Americas,1998,1,GTM
Palau,Western Pacific,1998,1,PLW
Peru,Americas,1998,10,PER
United States of America,Americas,1998,100,USA
Bolivia (Plurinational State of),Americas,1998,1004,BOL
Indonesia,South-East Asia,1998,1034,IDN
Turkmenistan,Europe,1998,1035,TKM
Singapore,Western Pacific,1998,114,SGP
Papua New Guinea,Western Pacific,1998,1148,PNG
Qatar,Eastern Mediterranean,1998,116,QAT
Brunei Darussalam,Western Pacific,1998,12,BRN
Canada,Americas,1998,12,CAN
Tunisia,Eastern Mediterranean,1998,123,TUN
Slovenia,Europe,1998,13,SVN
Mauritania,Africa,1998,1303,MRT
Dominican Republic,Americas,1998,14,DOM
Liberia,Africa,1998,1436,LBR
Burundi,Africa,1998,1449,BDI
Central African Republic,Africa,1998,146,CAF
Myanmar,South-East Asia,1998,1465,MMR
Ethiopia,Africa,1998,1603,ETH
New Zealand,Western Pacific,1998,164,NZL
Estonia,Europe,1998,17,EST
Congo,Africa,1998,174,COG
Sri Lanka,South-East Asia,1998,177,LKA
Lithuania,Europe,1998,18,LTU
Eswatini,Africa,1998,180,SWZ
Czechia,Europe,1998,19,CZE
Albania,Europe,1998,1901,ALB
Kazakhstan,Europe,1998,1935,KAZ
Djibouti,Eastern Mediterranean,1998,198,DJI
Philippines,Western Pacific,1998,1984,PHL
Cambodia,Western Pacific,1998,1993,KHM
American Samoa,Western Pacific,1998,2,ASM
Jamaica,Americas,1998,2,JAM
Switzerland,Europe,1998,2000,CHE
Ireland,Europe,1998,204,IRL
Zimbabwe,Africa,1998,2049,ZWE
Georgia,Europe,1998,218,GEO
Afghanistan,Eastern Mediterranean,1998,2205,AFG
Poland,Europe,1998,2255,POL
Hungary,Europe,1998,23,HUN
Pakistan,Eastern Mediterranean,1998,2333,PAK
Kyrgyzstan,Europe,1998,2397,KGZ
Angola,Africa,1998,2576,AGO
Costa Rica,Americas,1998,27,CRI
Brazil,Americas,1998,2781,BRA
Bosnia and Herzegovina,Europe,1998,2811,BIH
Iran (Islamic Republic of),Eastern Mediterranean,1998,2869,IRN
Cabo Verde,Africa,1998,289,CPV
Azerbaijan,Europe,1998,2891,AZE
United Arab Emirates,Eastern Mediterranean,1998,296,ARE
Haiti,Americas,1998,3,HTI
Latvia,Europe,1998,3,LVA
Malta,Europe,1998,3,MLT
Tajikistan,Europe,1998,3070,TJK
Somalia,Eastern Mediterranean,1998,3075,SOM
Eritrea,Africa,1998,316,ERI
Australia,Western Pacific,1998,327,AUS
Algeria,Africa,1998,3301,DZA
Kiribati,Western Pacific,1998,355,KIR
Malawi,Africa,1998,3591,MWI
Tonga,Western Pacific,1998,36,TON
Togo,Africa,1998,3771,TGO
Bahrain,Eastern Mediterranean,1998,4,BHR
Republic of Korea,Western Pacific,1998,4,KOR
Venezuela (Bolivarian Republic of),Americas,1998,4,VEN
"occupied Palestinian territory, including east Jerusalem",Eastern Mediterranean,1998,40,PSE
Italy,Europe,1998,4072,ITA
Jordan,Eastern Mediterranean,1998,428,JOR
Spain,Europe,1998,446,ESP
Lao People's Democratic Republic,Western Pacific,1998,4613,LAO
Malaysia,Western Pacific,1998,483,MYS
Egypt,Eastern Mediterranean,1998,4868,EGY
Namibia,Africa,1998,495,NAM
Oman,Eastern Mediterranean,1998,5,OMN
Libya,Eastern Mediterranean,1998,50,LBY
Ukraine,Europe,1998,5107,UKR
Belarus,Europe,1998,517,BLR
Armenia,Europe,1998,52,ARM
Slovakia,Europe,1998,530,SVK
Syrian Arab Republic,Eastern Mediterranean,1998,5400,SYR
Sudan,Eastern Mediterranean,1998,550,SDN
Saudi Arabia,Eastern Mediterranean,1998,5519,SAU
"China, Hong Kong Special Administrative Region",Global,1998,56,HKG
Nepal,South-East Asia,1998,5771,NPL
Chile,Americas,1998,6,CHL
Uruguay,Americas,1998,6,URY
Colombia,Americas,1998,61,COL
Russian Federation,Europe,1998,6215,RUS
Seychelles,Africa,1998,626,SYC
Benin,Africa,1998,648,BEN
Croatia,Europe,1998,648,HRV
Bangladesh,South-East Asia,1998,6522,BGD
Senegal,Africa,1998,6594,SEN
Bhutan,South-East Asia,1998,66,BTN
Greece,Europe,1998,66,GRC
Republic of Moldova,Europe,1998,673,MDA
Paraguay,Americas,1998,70,PRY
Botswana,Africa,1998,700,BWA
United Kingdom of Great Britain and Northern Ireland,Europe,1998,74,GBR
Morocco,Eastern Mediterranean,1998,7863,MAR
Israel,Europe,1998,8,ISR
Mongolia,Western Pacific,1998,8,MNG
Samoa,Western Pacific,1998,8,WSM
Bulgaria,Europe,1998,80,BGR
Uzbekistan,Europe,1998,875,UZB
Yemen,Eastern Mediterranean,1998,8785,YEM
Japan,Western Pacific,1998,899,JPN
Cook Islands,Western Pacific,1998,9,COK
Netherlands (Kingdom of the),Europe,1998,9,NLD
Kuwait,Eastern Mediterranean,1998,90,KWT
Guinea,Africa,1998,9170,GIN
Serbia,Europe,1998,922,SRB
Kenya,Africa,1998,9262,KEN
Romania,Europe,1998,9547,ROU
Portugal,Europe,1998,96,PRT
Lebanon,Eastern Mediterranean,1998,966,LBN
South Africa,Africa,1998,977,ZAF
Anguilla,Americas,1997,0,AIA
Antigua and Barbuda,Americas,1997,0,ATG
Austria,Europe,1997,0,AUT
Barbados,Americas,1997,0,BRB
Belize,Americas,1997,0,BLZ
Bermuda,Americas,1997,0,BMU
British Virgin Islands,Americas,1997,0,VGB
Cayman Islands,Americas,1997,0,CYM
Comoros,Africa,1997,0,COM
Cuba,Americas,1997,0,CUB
Democratic People's Republic of Korea,South-East Asia,1997,0,PRK
Dominica,Americas,1997,0,DMA
Ecuador,Americas,1997,0,ECU
El Salvador,Americas,1997,0,SLV
Equatorial Guinea,Africa,1997,0,GNQ
Finland,Europe,1997,0,FIN
Grenada,Americas,1997,0,GRD
Guam,Western Pacific,1997,0,GUM
Guyana,Americas,1997,0,GUY
Haiti,Americas,1997,0,HTI
Jamaica,Americas,1997,0,JAM
Lesotho,Africa,1997,0,LSO
Marshall Islands,Western Pacific,1997,0,MHL
Mauritius,Africa,1997,0,MUS
Mexico,Americas,1997,0,MEX
Micronesia (Federated States of),Western Pacific,1997,0,FSM
Montserrat,Americas,1997,0,MSR
New Caledonia,Western Pacific,1997,0,NCL
Nicaragua,Americas,1997,0,NIC
Niue,Western Pacific,1997,0,NIU
Palau,Western Pacific,1997,0,PLW
Panama,Americas,1997,0,PAN
Saint Kitts and Nevis,Americas,1997,0,KNA
Saint Lucia,Americas,1997,0,LCA
Saint Vincent and the Grenadines,Americas,1997,0,VCT
Samoa,Western Pacific,1997,0,WSM
Sao Tome and Principe,Africa,1997,0,STP
Solomon Islands,Western Pacific,1997,0,SLB
Suriname,Americas,1997,0,SUR
Tokelau,Western Pacific,1997,0,TKL
Turks and Caicos Islands,Americas,1997,0,TCA
Wallis and Futuna Islands,Western Pacific,1997,0,WLF
Bahamas,Americas,1997,1,BHS
Cyprus,Europe,1997,1,CYP
Dominican Republic,Americas,1997,1,DOM
Iceland,Europe,1997,1,ISL
Luxembourg,Europe,1997,1,LUX
Northern Mariana Islands,Western Pacific,1997,1,MNP
Trinidad and Tobago,Americas,1997,1,TTO
Myanmar,South-East Asia,1997,1035,MMR
Tonga,Western Pacific,1997,1081,TON
Norway,Europe,1997,11,NOR
Ethiopia,Africa,1997,1113,ETH
Vanuatu,Western Pacific,1997,113,VUT
American Samoa,Western Pacific,1997,12,ASM
Israel,Europe,1997,12,ISR
Oman,Eastern Mediterranean,1997,12,OMN
Kazakhstan,Europe,1997,120,KAZ
Argentina,Americas,1997,125,ARG
Congo,Africa,1997,1267,COG
Burundi,Africa,1997,1273,BDI
Portugal,Europe,1997,129,PRT
Brunei Darussalam,Western Pacific,1997,13,BRN
South Africa,Africa,1997,1337,ZAF
Lebanon,Eastern Mediterranean,1997,134,LBN
Belarus,Europe,1997,135,BLR
Greece,Europe,1997,136,GRC
United States of America,Americas,1997,138,USA
Czechia,Europe,1997,14,CZE
Tuvalu,Western Pacific,1997,14,TUV
Singapore,Western Pacific,1997,1413,SGP
Paraguay,Americas,1997,143,PRY
Burkina Faso,Africa,1997,1438,BFA
Gambia,Africa,1997,1500,GMB
Bhutan,South-East Asia,1997,169,BTN
Estonia,Europe,1997,18,EST
Spain,Europe,1997,1842,ESP
Pakistan,Eastern Mediterranean,1997,1848,PAK
Ireland,Europe,1997,185,IRL
Central African Republic,Africa,1997,194,CAF
Cook Islands,Western Pacific,1997,194,COK
Sri Lanka,South-East Asia,1997,195,LKA
Republic of Korea,Western Pacific,1997,2,KOR
Uruguay,Americas,1997,2,URY
New Zealand,Western Pacific,1997,2041,NZL
Netherlands (Kingdom of the),Europe,1997,21,NLD
San Marino,Europe,1997,22,SMR
Bulgaria,Europe,1997,23,BGR
Albania,Europe,1997,2386,ALB
Hungary,Europe,1997,24,HUN
Croatia,Europe,1997,240,HRV
United Arab Emirates,Eastern Mediterranean,1997,243,ARE
Kiribati,Western Pacific,1997,25,KIR
Morocco,Eastern Mediterranean,1997,2512,MAR
Costa Rica,Americas,1997,26,CRI
Kuwait,Eastern Mediterranean,1997,26,KWT
Libya,Eastern Mediterranean,1997,26,LBY
Uzbekistan,Europe,1997,261,UZB
Venezuela (Bolivarian Republic of),Americas,1997,27,VEN
"occupied Palestinian territory, including east Jerusalem",Eastern Mediterranean,1997,28,PSE
Russian Federation,Europe,1997,2874,RUS
Liberia,Africa,1997,2961,LBR
"China, Macao Special Administrative Region",Global,1997,3,MAC
Seychelles,Africa,1997,3,SYC
Lithuania,Europe,1997,30,LTU
"China, Hong Kong Special Administrative Region",Global,1997,318,HKG
Kenya,Africa,1997,3339,KEN
Poland,Europe,1997,338,POL
Georgia,Europe,1997,342,GEO
Sudan,Eastern Mediterranean,1997,350,SDN
Mali,Africa,1997,3531,MLI
Sierra Leone,Africa,1997,361,SLE
North Macedonia,Europe,1997,364,MKD
Republic of Moldova,Europe,1997,364,MDA
Tunisia,Eastern Mediterranean,1997,371,TUN
Turkmenistan,Europe,1997,377,TKM
Cambodia,Western Pacific,1997,3826,KHM
Belgium,Europe,1997,3869,BEL
Tajikistan,Europe,1997,3882,TJK
Iran (Islamic Republic of),Eastern Mediterranean,1997,3901,IRN
Bosnia and Herzegovina,Europe,1997,3937,BIH
Saudi Arabia,Eastern Mediterranean,1997,3978,SAU
Bahrain,Eastern Mediterranean,1997,4,BHR
Latvia,Europe,1997,4,LVA
Mongolia,Western Pacific,1997,4,MNG
Qatar,Eastern Mediterranean,1997,439,QAT
Togo,Africa,1997,450,TGO
Egypt,Eastern Mediterranean,1997,4606,EGY
Serbia,Europe,1997,4692,SRB
United Kingdom of Great Britain and Northern Ireland,Europe,1997,4844,GBR
Guinea-Bissau,Africa,1997,498,GNB
Mauritania,Africa,1997,499,MRT
Andorra,Europe,1997,5,AND
Honduras,Americas,1997,5,HND
Malta,Europe,1997,5,MLT
Botswana,Africa,1997,5032,BWA
Yemen,Eastern Mediterranean,1997,51,YEM
French Polynesia,Western Pacific,1997,518,PYF
Namibia,Africa,1997,5359,NAM
Democratic Republic of the Congo,Africa,1997,5766,COD
Canada,Americas,1997,579,CAN
Chile,Americas,1997,58,CHL
Nauru,Western Pacific,1997,58,NRU
Eswatini,Africa,1997,609,SWZ
Denmark,Europe,1997,61,DNK
Sweden,Europe,1997,62,SWE
Slovakia,Europe,1997,620,SVK
Malaysia,Western Pacific,1997,627,MYS
Switzerland,Europe,1997,6400,CHE
Viet Nam,Western Pacific,1997,6507,VNM
Senegal,Africa,1997,6594,SEN
Colombia,Americas,1997,67,COL
Lao People's Democratic Republic,Western Pacific,1997,671,LAO
Azerbaijan,Europe,1997,678,AZE
Papua New Guinea,Western Pacific,1997,678,PNG
Syrian Arab Republic,Eastern Mediterranean,1997,6850,SYR
Bolivia (Plurinational State of),Americas,1997,7,BOL
Ukraine,Europe,1997,7000,UKR
Jordan,Eastern Mediterranean,1997,7026,JOR
Iraq,Eastern Mediterranean,1997,708,IRQ
Zambia,Africa,1997,7140,ZMB
United Republic of Tanzania,Africa,1997,7287,TZA
Cameroon,Africa,1997,7504,CMR
Eritrea,Africa,1997,777,ERI
Rwanda,Africa,1997,787,RWA
Guatemala,Americas,1997,8,GTM
Armenia,Europe,1997,802,ARM
Angola,Africa,1997,8183,AGO
Fiji,Western Pacific,1997,828,FJI
Australia,Western Pacific,1997,853,AUS
Cabo Verde,Africa,1997,8584,CPV
Slovenia,Europe,1997,9,SVN
Philippines,Western Pacific,1997,9218,PHL
Peru,Americas,1997,95,PER
Benin,Africa,1997,9521,BEN
Cote d'Ivoire,Africa,1997,9665,CIV
Kyrgyzstan,Europe,1997,998,KGZ
American Samoa,Western Pacific,1996,0,ASM
Anguilla,Americas,1996,0,AIA
Antigua and Barbuda,Americas,1996,0,ATG
Bahamas,Americas,1996,0,BHS
Barbados,Americas,1996,0,BRB
Belize,Americas,1996,0,BLZ
Bermuda,Americas,1996,0,BMU
British Virgin Islands,Americas,1996,0,VGB
Cabo Verde,Africa,1996,0,CPV
Cayman Islands,Americas,1996,0,CYM
Chile,Americas,1996,0,CHL
Comoros,Africa,1996,0,COM
Cook Islands,Western Pacific,1996,0,COK
Cuba,Americas,1996,0,CUB
Democratic People's Republic of Korea,South-East Asia,1996,0,PRK
Dominica,Americas,1996,0,DMA
Dominican Republic,Americas,1996,0,DOM
Finland,Europe,1996,0,FIN
Grenada,Americas,1996,0,GRD
Guam,Western Pacific,1996,0,GUM
Guyana,Americas,1996,0,GUY
Maldives,South-East Asia,1996,0,MDV
Marshall Islands,Western Pacific,1996,0,MHL
Mauritius,Africa,1996,0,MUS
Montserrat,Americas,1996,0,MSR
Nicaragua,Americas,1996,0,NIC
Niue,Western Pacific,1996,0,NIU
Palau,Western Pacific,1996,0,PLW
Panama,Americas,1996,0,PAN
Saint Kitts and Nevis,Americas,1996,0,KNA
Saint Lucia,Americas,1996,0,LCA
Saint Vincent and the Grenadines,Americas,1996,0,VCT
Sao Tome and Principe,Africa,1996,0,STP
Slovakia,Europe,1996,0,SVK
Solomon Islands,Western Pacific,1996,0,SLB
Suriname,Americas,1996,0,SUR
Tokelau,Western Pacific,1996,0,TKL
Tonga,Western Pacific,1996,0,TON
Trinidad and Tobago,Americas,1996,0,TTO
Turks and Caicos Islands,Americas,1996,0,TCA
El Salvador,Americas,1996,1,SLV
Equatorial Guinea,Africa,1996,1,GNQ
Guatemala,Americas,1996,1,GTM
Haiti,Americas,1996,1,HTI
Iceland,Europe,1996,1,ISL
Czechia,Europe,1996,10,CZE
Botswana,Africa,1996,1030,BWA
Peru,Americas,1996,105,PER
North Macedonia,Europe,1996,1056,MKD
Pakistan,Eastern Mediterranean,1996,1090,PAK
"China, Hong Kong Special Administrative Region",Global,1996,110,HKG
Portugal,Europe,1996,112,PRT
Croatia,Europe,1996,119,HRV
Denmark,Europe,1996,119,DNK
Hungary,Europe,1996,12,HUN
Albania,Europe,1996,1204,ALB
Kazakhstan,Europe,1996,123,KAZ
Mongolia,Western Pacific,1996,128,MNG
Kiribati,Western Pacific,1996,13,KIR
Paraguay,Americas,1996,13,PRY
Morocco,Eastern Mediterranean,1996,1324,MAR
Benin,Africa,1996,1365,BEN
Gambia,Africa,1996,15,GMB
Kuwait,Eastern Mediterranean,1996,15,KWT
Azerbaijan,Europe,1996,151,AZE
Sri Lanka,South-East Asia,1996,158,LKA
Ethiopia,Africa,1996,1586,ETH
Malta,Europe,1996,16,MLT
Colombia,Americas,1996,160,COL
Japan,Western Pacific,1996,1640,JPN
Myanmar,South-East Asia,1996,1684,MMR
Eritrea,Africa,1996,1783,ERI
Somalia,Eastern Mediterranean,1996,1830,SOM
Estonia,Europe,1996,19,EST
Israel,Europe,1996,19,ISR
Liberia,Africa,1996,1938,LBR
Lebanon,Eastern Mediterranean,1996,2,LBN
Mexico,Americas,1996,2,MEX
Seychelles,Africa,1996,2,SYC
Uruguay,Americas,1996,2,URY
Switzerland,Europe,1996,2000,CHE
Armenia,Europe,1996,2027,ARM
Syrian Arab Republic,Eastern Mediterranean,1996,2060,SYR
Eswatini,Africa,1996,2201,SWZ
Togo,Africa,1996,223,TGO
Ireland,Europe,1996,228,IRL
Uzbekistan,Europe,1996,228,UZB
Norway,Europe,1996,23,NOR
Papua New Guinea,Western Pacific,1996,2313,PNG
Iran (Islamic Republic of),Eastern Mediterranean,1996,2329,IRN
Costa Rica,Americas,1996,24,CRI
Saudi Arabia,Eastern Mediterranean,1996,2407,SAU
Central African Republic,Africa,1996,248,CAF
Luxembourg,Europe,1996,25,LUX
Angola,Africa,1996,251,AGO
Sudan,Eastern Mediterranean,1996,2559,SDN
Iraq,Eastern Mediterranean,1996,256,IRQ
Cambodia,Western Pacific,1996,2814,KHM
Latvia,Europe,1996,3,LVA
Georgia,Europe,1996,304,GEO
Canada,Americas,1996,327,CAN
"occupied Palestinian territory, including east Jerusalem",Eastern Mediterranean,1996,33,PSE
Republic of Moldova,Europe,1996,344,MDA
Lithuania,Europe,1996,35,LTU
Kenya,Africa,1996,3572,KEN
Qatar,Eastern Mediterranean,1996,38,QAT
French Polynesia,Western Pacific,1996,387,PYF
Congo,Africa,1996,3897,COG
Fiji,Western Pacific,1996,39,FJI
Belarus,Europe,1996,395,BLR
Rwanda,Africa,1996,3988,RWA
Honduras,Americas,1996,4,HND
Jamaica,Americas,1996,4,JAM
Vanuatu,Western Pacific,1996,4,VUT
Djibouti,Eastern Mediterranean,1996,410,DJI
Ecuador,Americas,1996,42,ECU
Tajikistan,Europe,1996,42,TJK
United Arab Emirates,Eastern Mediterranean,1996,425,ARE
Sweden,Europe,1996,44,SWE
Egypt,Eastern Mediterranean,1996,4403,EGY
Jordan,Eastern Mediterranean,1996,448,JOR
Serbia,Europe,1996,458,SRB
Oman,Eastern Mediterranean,1996,46,OMN
Malaysia,Western Pacific,1996,460,MYS
United States of America,Americas,1996,489,USA
Namibia,Africa,1996,4901,NAM
Bangladesh,South-East Asia,1996,4929,BGD
Spain,Europe,1996,4964,ESP
Australia,Western Pacific,1996,498,AUS
Tuvalu,Western Pacific,1996,51,TUV
Viet Nam,Western Pacific,1996,5156,VNM
Tunisia,Eastern Mediterranean,1996,533,TUN
Cyprus,Europe,1996,55,CYP
Netherlands (Kingdom of the),Europe,1996,57,NLD
Thailand,South-East Asia,1996,5757,THA
Brazil,Americas,1996,580,BRA
Argentina,Americas,1996,59,ARG
Madagascar,Africa,1996,5961,MDG
Greece,Europe,1996,6082,GRC
Poland,Europe,1996,639,POL
South Africa,Africa,1996,6501,ZAF
United Kingdom of Great Britain and Northern Ireland,Europe,1996,6866,GBR
Bulgaria,Europe,1996,695,BGR
Bolivia (Plurinational State of),Americas,1996,7,BOL
Gabon,Africa,1996,70,GAB
Republic of Korea,Western Pacific,1996,71,KOR
Russian Federation,Europe,1996,7120,RUS
Nepal,South-East Asia,1996,7213,NPL
Belgium,Europe,1996,7221,BEL
Guinea-Bissau,Africa,1996,73,GNB
Bahrain,Eastern Mediterranean,1996,74,BHR
Kyrgyzstan,Europe,1996,74,KGZ
Slovenia,Europe,1996,8,SVN
Senegal,Africa,1996,8069,SEN
Ukraine,Europe,1996,8678,UKR
Samoa,Western Pacific,1996,87,WSM
Venezuela (Bolivarian Republic of),Americas,1996,89,VEN
Bhutan,South-East Asia,1996,9,BTN
Romania,Europe,1996,906,ROU
Malawi,Africa,1996,9120,MWI
Lao People's Democratic Republic,Western Pacific,1996,917,LAO
Mozambique,Africa,1996,9251,MOZ
Zambia,Africa,1996,9459,ZMB
Democratic Republic of the Congo,Africa,1996,9546,COD
Turkmenistan,Europe,1996,96,TKM
American Samoa,Western Pacific,1995,0,ASM
Anguilla,Americas,1995,0,AIA
Antigua and Barbuda,Americas,1995,0,ATG
Bahamas,Americas,1995,0,BHS
Barbados,Americas,1995,0,BRB
Bermuda,Americas,1995,0,BMU
British Virgin Islands,Americas,1995,0,VGB
Cayman Islands,Americas,1995,0,CYM
Chile,Americas,1995,0,CHL
Comoros,Africa,1995,0,COM
Cyprus,Europe,1995,0,CYP
Democratic People's Republic of Korea,South-East Asia,1995,0,PRK
Dominica,Americas,1995,0,DMA
Dominican Republic,Americas,1995,0,DOM
El Salvador,Americas,1995,0,SLV
Guam,Western Pacific,1995,0,GUM
Guyana,Americas,1995,0,GUY
Honduras,Americas,1995,0,HND
Micronesia (Federated States of),Western Pacific,1995,0,FSM
Montserrat,Americas,1995,0,MSR
Nauru,Western Pacific,1995,0,NRU
Niue,Western Pacific,1995,0,NIU
Northern Mariana Islands,Western Pacific,1995,0,MNP
Palau,Western Pacific,1995,0,PLW
Qatar,Eastern Mediterranean,1995,0,QAT
Saint Vincent and the Grenadines,Americas,1995,0,VCT
Samoa,Western Pacific,1995,0,WSM
Seychelles,Africa,1995,0,SYC
Solomon Islands,Western Pacific,1995,0,SLB
Suriname,Americas,1995,0,SUR
Tokelau,Western Pacific,1995,0,TKL
Tonga,Western Pacific,1995,0,TON
Trinidad and Tobago,Americas,1995,0,TTO
Cuba,Americas,1995,1,CUB
Luxembourg,Europe,1995,1,LUX
Saint Kitts and Nevis,Americas,1995,1,KNA
Tuvalu,Western Pacific,1995,1,TUV
Cabo Verde,Africa,1995,10,CPV
Guinea,Africa,1995,1085,GIN
Greece,Europe,1995,112,GRC
Myanmar,South-East Asia,1995,1170,MMR
Republic of Moldova,Europe,1995,1174,MDA
Australia,Western Pacific,1995,1198,AUS
Kuwait,Eastern Mediterranean,1995,12,KWT
Bosnia and Herzegovina,Europe,1995,125,BIH
Wallis and Futuna Islands,Western Pacific,1995,13,WLF
Gambia,Africa,1995,130,GMB
Syrian Arab Republic,Eastern Mediterranean,1995,1362,SYR
Switzerland,Europe,1995,1400,CHE
Bhutan,South-East Asia,1995,148,BTN
Albania,Europe,1995,15,ALB
Jamaica,Americas,1995,15,JAM
Belarus,Europe,1995,1516,BLR
Estonia,Europe,1995,17,EST
Kyrgyzstan,Europe,1995,17,KGZ
Eswatini,Africa,1995,171,SWZ
Bulgaria,Europe,1995,172,BGR
Venezuela (Bolivarian Republic of),Americas,1995,172,VEN
Pakistan,Eastern Mediterranean,1995,1720,PAK
Namibia,Africa,1995,1723,NAM
Norway,Europe,1995,18,NOR
Georgia,Europe,1995,181,GEO
Egypt,Eastern Mediterranean,1995,1833,EGY
Netherlands (Kingdom of the),Europe,1995,184,NLD
Eritrea,Africa,1995,185,ERI
Singapore,Western Pacific,1995,185,SGP
Armenia,Europe,1995,187,ARM
Lithuania,Europe,1995,188,LTU
Panama,Americas,1995,19,PAN
Portugal,Europe,1995,192,PRT
Ukraine,Europe,1995,1923,UKR
Mauritania,Africa,1995,195,MRT
Iceland,Europe,1995,2,ISL
Latvia,Europe,1995,2,LVA
New Caledonia,Western Pacific,1995,2,NCL
Saint Lucia,Americas,1995,2,LCA
Slovakia,Europe,1995,2,SVK
Denmark,Europe,1995,20,DNK
Cambodia,Western Pacific,1995,2038,KHM
North Macedonia,Europe,1995,217,MKD
Romania,Europe,1995,2188,ROU
Israel,Europe,1995,22,ISR
Yemen,Eastern Mediterranean,1995,225,YEM
Guatemala,Americas,1995,23,GTM
Sao Tome and Principe,Africa,1995,23,STP
Sweden,Europe,1995,23,SWE
Ireland,Europe,1995,235,IRL
Canada,Americas,1995,2361,CAN
Morocco,Eastern Mediterranean,1995,2380,MAR
Congo,Africa,1995,2381,COG
Mexico,Americas,1995,244,MEX
Cameroon,Africa,1995,2463,CMR
Saudi Arabia,Eastern Mediterranean,1995,2574,SAU
Iran (Islamic Republic of),Eastern Mediterranean,1995,263,IRN
Malta,Europe,1995,27,MLT
Vanuatu,Western Pacific,1995,27,VUT
Kazakhstan,Europe,1995,284,KAZ
Uzbekistan,Europe,1995,294,UZB
Bahrain,Eastern Mediterranean,1995,3,BHR
"China, Macao Special Administrative Region",Global,1995,3,MAC
Grenada,Americas,1995,3,GRD
Lebanon,Eastern Mediterranean,1995,3,LBN
Lesotho,Africa,1995,304,LSO
Maldives,South-East Asia,1995,3070,MDV
United States of America,Americas,1995,309,USA
United Republic of Tanzania,Africa,1995,3160,TZA
Lao People's Democratic Republic,Western Pacific,1995,3174,LAO
Jordan,Eastern Mediterranean,1995,318,JOR
"China, Hong Kong Special Administrative Region",Global,1995,33,HKG
Mali,Africa,1995,3306,MLI
Kenya,Africa,1995,3322,KEN
Sierra Leone,Africa,1995,344,SLE
Costa Rica,Americas,1995,35,CRI
Peru,Americas,1995,353,PER
Papua New Guinea,Western Pacific,1995,3730,PNG
Philippines,Western Pacific,1995,3913,PHL
Turkmenistan,Europe,1995,393,TKM
Slovenia,Europe,1995,398,SVN
Belize,Americas,1995,4,BLZ
Hungary,Europe,1995,4,HUN
Kiribati,Western Pacific,1995,4,KIR
Turks and Caicos Islands,Americas,1995,4,TCA
Sri Lanka,South-East Asia,1995,408,LKA
Colombia,Americas,1995,410,COL
Fiji,Western Pacific,1995,414,FJI
Mozambique,Africa,1995,4166,MOZ
Malawi,Africa,1995,4218,MWI
Equatorial Guinea,Africa,1995,44,GNQ
Azerbaijan,Europe,1995,474,AZE
Botswana,Africa,1995,478,BWA
Nepal,South-East Asia,1995,4810,NPL
Bangladesh,South-East Asia,1995,4995,BGD
Czechia,Europe,1995,5,CZE
Nicaragua,Americas,1995,5,NIC
Uruguay,Americas,1995,5,URY
Serbia,Europe,1995,524,SRB
Guinea-Bissau,Africa,1995,528,GNB
Democratic Republic of the Congo,Africa,1995,5443,COD
Mongolia,Western Pacific,1995,555,MNG
Liberia,Africa,1995,56,LBR
Tajikistan,Europe,1995,56,TJK
Ethiopia,Africa,1995,562,ETH
Burkina Faso,Africa,1995,5669,BFA
Finland,Europe,1995,6,FIN
Mauritius,Africa,1995,6,MUS
Togo,Africa,1995,6144,TGO
Viet Nam,Western Pacific,1995,6171,VNM
Angola,Africa,1995,635,AGO
Malaysia,Western Pacific,1995,654,MYS
Argentina,Americas,1995,655,ARG
Russian Federation,Europe,1995,6630,RUS
United Arab Emirates,Eastern Mediterranean,1995,671,ARE
Tunisia,Eastern Mediterranean,1995,676,TUN
Oman,Eastern Mediterranean,1995,68,OMN
Croatia,Europe,1995,697,HRV
Cook Islands,Western Pacific,1995,7,COK
French Polynesia,Western Pacific,1995,7,PYF
Republic of Korea,Western Pacific,1995,71,KOR
Paraguay,Americas,1995,73,PRY
Poland,Europe,1995,752,POL
Bolivia (Plurinational State of),Americas,1995,76,BOL
Iraq,Eastern Mediterranean,1995,7650,IRQ
Brazil,Americas,1995,793,BRA
Djibouti,Eastern Mediterranean,1995,8,DJI
Algeria,Africa,1995,8204,DZA
Sudan,Eastern Mediterranean,1995,841,SDN
Zimbabwe,Africa,1995,8529,ZWE
Zambia,Africa,1995,8533,ZMB
South Africa,Africa,1995,8845,ZAF
Spain,Europe,1995,8849,ESP
United Kingdom of Great Britain and Northern Ireland,Europe,1995,9017,GBR
Central African Republic,Africa,1995,902,CAF
Ecuador,Americas,1995,919,ECU
American Samoa,Western Pacific,1994,0,ASM
Anguilla,Americas,1994,0,AIA
Antigua and Barbuda,Americas,1994,0,ATG
Bahamas,Americas,1994,0,BHS
Bahrain,Eastern Mediterranean,1994,0,BHR
Barbados,Americas,1994,0,BRB
Belize,Americas,1994,0,BLZ
Bermuda,Americas,1994,0,BMU
British Virgin Islands,Americas,1994,0,VGB
Cayman Islands,Americas,1994,0,CYM
Chile,Americas,1994,0,CHL
Cook Islands,Western Pacific,1994,0,COK
Costa Rica,Americas,1994,0,CRI
Cuba,Americas,1994,0,CUB
Cyprus,Europe,1994,0,CYP
Democratic People's Republic of Korea,South-East Asia,1994,0,PRK
Dominica,Americas,1994,0,DMA
El Salvador,Americas,1994,0,SLV
Grenada,Americas,1994,0,GRD
Guyana,Americas,1994,0,GUY
Jamaica,Americas,1994,0,JAM
Marshall Islands,Western Pacific,1994,0,MHL
Montserrat,Americas,1994,0,MSR
Palau,Western Pacific,1994,0,PLW
Saint Kitts and Nevis,Americas,1994,0,KNA
Saint Lucia,Americas,1994,0,LCA
Saint Vincent and the Grenadines,Americas,1994,0,VCT
Samoa,Western Pacific,1994,0,WSM
Seychelles,Africa,1994,0,SYC
Suriname,Americas,1994,0,SUR
Trinidad and Tobago,Americas,1994,0,TTO
Turks and Caicos Islands,Americas,1994,0,TCA
Tuvalu,Western Pacific,1994,0,TUV
Uruguay,Americas,1994,0,URY
Finland,Europe,1994,1,FIN
Luxembourg,Europe,1994,1,LUX
Latvia,Europe,1994,10,LVA
Mauritius,Africa,1994,10,MUS
Hungary,Europe,1994,11,HUN
Libya,Eastern Mediterranean,1994,1127,LBY
Ethiopia,Africa,1994,1133,ETH
Sierra Leone,Africa,1994,114,SLE
Bulgaria,Europe,1994,121,BGR
Paraguay,Americas,1994,122,PRY
Ireland,Europe,1994,1233,IRL
Saudi Arabia,Eastern Mediterranean,1994,1253,SAU
Mexico,Americas,1994,128,MEX
Namibia,Africa,1994,133,NAM
Syrian Arab Republic,Eastern Mediterranean,1994,1334,SYR
Argentina,Americas,1994,134,ARG
Slovenia,Europe,1994,134,SVN
Croatia,Europe,1994,138,HRV
Switzerland,Europe,1994,1400,CHE
Nepal,South-East Asia,1994,1401,NPL
Pakistan,Eastern Mediterranean,1994,1421,PAK
Bolivia (Plurinational State of),Americas,1994,1441,BOL
Egypt,Eastern Mediterranean,1994,1444,EGY
Armenia,Europe,1994,149,ARM
Cameroon,Africa,1994,1548,CMR
Israel,Europe,1994,1555,ISR
Singapore,Western Pacific,1994,159,SGP
Greece,Europe,1994,163,GRC
Uzbekistan,Europe,1994,1661,UZB
Kyrgyzstan,Europe,1994,168,KGZ
Mongolia,Western Pacific,1994,177,MNG
Kazakhstan,Europe,1994,1788,KAZ
Oman,Eastern Mediterranean,1994,181,OMN
Myanmar,South-East Asia,1994,1855,MMR
Comoros,Africa,1994,2,COM
Niue,Western Pacific,1994,2,NIU
Guatemala,Americas,1994,204,GTM
Sweden,Europe,1994,21,SWE
"China, Hong Kong Special Administrative Region",Global,1994,210,HKG
Malawi,Africa,1994,2164,MWI
Congo,Africa,1994,226,COG
Guam,Western Pacific,1994,228,GUM
North Macedonia,Europe,1994,229,MKD
Estonia,Europe,1994,230,EST
Guinea,Africa,1994,2372,GIN
Botswana,Africa,1994,2447,BWA
Turkmenistan,Europe,1994,2613,TKM
Mauritania,Africa,1994,2668,MRT
Vanuatu,Western Pacific,1994,27,VUT
Equatorial Guinea,Africa,1994,270,GNQ
Gambia,Africa,1994,280,GMB
Lithuania,Europe,1994,286,LTU
Albania,Europe,1994,29,ALB
Northern Mariana Islands,Western Pacific,1994,29,MNP
Slovakia,Europe,1994,29,SVK
Kiribati,Western Pacific,1994,292,KIR
Burkina Faso,Africa,1994,2925,BFA
Dominican Republic,Americas,1994,3,DOM
Honduras,Americas,1994,3,HND
Nicaragua,Americas,1994,3,NIC
Panama,Americas,1994,3,PAN
Cabo Verde,Africa,1994,30,CPV
Philippines,Western Pacific,1994,3006,PHL
Netherlands (Kingdom of the),Europe,1994,302,NLD
Qatar,Eastern Mediterranean,1994,31,QAT
Sao Tome and Principe,Africa,1994,319,STP
Portugal,Europe,1994,3230,PRT
New Zealand,Western Pacific,1994,33,NZL
Mali,Africa,1994,3420,MLI
Malaysia,Western Pacific,1994,346,MYS
Brazil,Americas,1994,35,BRA
Yemen,Eastern Mediterranean,1994,35,YEM
Morocco,Eastern Mediterranean,1994,3512,MAR
United Republic of Tanzania,Africa,1994,3558,TZA
Denmark,Europe,1994,36,DNK
Ecuador,Americas,1994,3668,ECU
Guinea-Bissau,Africa,1994,378,GNB
Fiji,Western Pacific,1994,39,FJI
Republic of Moldova,Europe,1994,3951,MDA
Kenya,Africa,1994,4180,KEN
Kuwait,Eastern Mediterranean,1994,432,KWT
Australia,Western Pacific,1994,4895,AUS
Iran (Islamic Republic of),Eastern Mediterranean,1994,506,IRN
Lebanon,Eastern Mediterranean,1994,51,LBN
Jordan,Eastern Mediterranean,1994,516,JOR
United Arab Emirates,Eastern Mediterranean,1994,518,ARE
"China, Macao Special Administrative Region",Global,1994,52,MAC
Canada,Americas,1994,523,CAN
Colombia,Americas,1994,525,COL
Tajikistan,Europe,1994,531,TJK
Eritrea,Africa,1994,541,ERI
Angola,Africa,1994,5480,AGO
Sri Lanka,South-East Asia,1994,566,LKA
Liberia,Africa,1994,571,LBR
Lesotho,Africa,1994,573,LSO
Algeria,Africa,1994,5913,DZA
Senegal,Africa,1994,5944,SEN
Tunisia,Eastern Mediterranean,1994,597,TUN
Rwanda,Africa,1994,5999,RWA
New Caledonia,Western Pacific,1994,6,NCL
Norway,Europe,1994,6,NOR
Eswatini,Africa,1994,610,SWZ
Italy,Europe,1994,6158,ITA
Romania,Europe,1994,6228,ROU
Solomon Islands,Western Pacific,1994,640,SLB
Azerbaijan,Europe,1994,6478,AZE
Peru,Americas,1994,670,PER
Spain,Europe,1994,6796,ESP
Papua New Guinea,Western Pacific,1994,6821,PNG
Bhutan,South-East Asia,1994,683,BTN
South Africa,Africa,1994,6845,ZAF
Iceland,Europe,1994,7,ISL
Maldives,South-East Asia,1994,706,MDV
Burundi,Africa,1994,7192,BDI
Georgia,Europe,1994,723,GEO
Togo,Africa,1994,7298,TGO
Benin,Africa,1994,7557,BEN
Republic of Korea,Western Pacific,1994,7883,KOR
Malta,Europe,1994,8,MLT
Serbia,Europe,1994,800,SRB
Belarus,Europe,1994,820,BLR
Poland,Europe,1994,864,POL
Bosnia and Herzegovina,Europe,1994,875,BIH
Czechia,Europe,1994,9,CZE
Wallis and Futuna Islands,Western Pacific,1994,9,WLF
Micronesia (Federated States of),Western Pacific,1994,930,FSM
Cambodia,Western Pacific,1994,946,KHM
French Polynesia,Western Pacific,1994,95,PYF
Bangladesh,South-East Asia,1994,9571,BGD
United States of America,Americas,1994,958,USA
Mozambique,Africa,1994,9618,MOZ
Sudan,Eastern Mediterranean,1994,963,SDN
Chad,Africa,1994,9696,TCD
Ukraine,Europe,1994,9837,UKR
Lao People's Democratic Republic,Western Pacific,1994,984,LAO
American Samoa,Western Pacific,1993,0,ASM
Anguilla,Americas,1993,0,AIA
Antigua and Barbuda,Americas,1993,0,ATG
Bahamas,Americas,1993,0,BHS
Barbados,Americas,1993,0,BRB
Belize,Americas,1993,0,BLZ
Bermuda,Americas,1993,0,BMU
British Virgin Islands,Americas,1993,0,VGB
Cabo Verde,Africa,1993,0,CPV
Cayman Islands,Americas,1993,0,CYM
Comoros,Africa,1993,0,COM
Cyprus,Europe,1993,0,CYP
Democratic People's Republic of Korea,South-East Asia,1993,0,PRK
Dominica,Americas,1993,0,DMA
Finland,Europe,1993,0,FIN
Grenada,Americas,1993,0,GRD
Guyana,Americas,1993,0,GUY
Jamaica,Americas,1993,0,JAM
Micronesia (Federated States of),Western Pacific,1993,0,FSM
Montserrat,Americas,1993,0,MSR
Niue,Western Pacific,1993,0,NIU
Saint Kitts and Nevis,Americas,1993,0,KNA
Saint Lucia,Americas,1993,0,LCA
Saint Vincent and the Grenadines,Americas,1993,0,VCT
Seychelles,Africa,1993,0,SYC
Singapore,Western Pacific,1993,0,SGP
Suriname,Americas,1993,0,SUR
Tokelau,Western Pacific,1993,0,TKL
Tonga,Western Pacific,1993,0,TON
Trinidad and Tobago,Americas,1993,0,TTO
Turks and Caicos Islands,Americas,1993,0,TCA
Tuvalu,Western Pacific,1993,0,TUV
Chile,Americas,1993,1,CHL
Lao People's Democratic Republic,Western Pacific,1993,1083,LAO
Kiribati,Western Pacific,1993,114,KIR
Denmark,Europe,1993,115,DNK
Ethiopia,Africa,1993,1152,ETH
Northern Mariana Islands,Western Pacific,1993,116,MNP
Cambodia,Western Pacific,1993,1262,KHM
Honduras,Americas,1993,13,HND
Azerbaijan,Europe,1993,1321,AZE
Namibia,Africa,1993,1328,NAM
Czechia,Europe,1993,14,CZE
Israel,Europe,1993,141,ISR
Poland,Europe,1993,1410,POL
Tunisia,Eastern Mediterranean,1993,1413,TUN
Solomon Islands,Western Pacific,1993,1527,SLB
Equatorial Guinea,Africa,1993,157,GNQ
Uruguay,Americas,1993,16,URY
Central African Republic,Africa,1993,1694,CAF
Guatemala,Americas,1993,17,GTM
Guinea-Bissau,Africa,1993,1707,GNB
Mexico,Americas,1993,172,MEX
Peru,Americas,1993,1730,PER
Pakistan,Eastern Mediterranean,1993,1967,PAK
Bahrain,Eastern Mediterranean,1993,2,BHR
Cuba,Americas,1993,2,CUB
Japan,Western Pacific,1993,2002,JPN
Canada,Americas,1993,203,CAN
Paraguay,Americas,1993,2066,PRY
"China, Macao Special Administrative Region",Global,1993,21,MAC
French Polynesia,Western Pacific,1993,21,PYF
Sierra Leone,Africa,1993,2288,SLE
Syrian Arab Republic,Eastern Mediterranean,1993,2300,SYR
Lesotho,Africa,1993,235,LSO
Uzbekistan,Europe,1993,2354,UZB
Turkmenistan,Europe,1993,2486,TKM
Bosnia and Herzegovina,Europe,1993,249,BIH
Lithuania,Europe,1993,249,LTU
North Macedonia,Europe,1993,2495,MKD
Guam,Western Pacific,1993,25,GUM
Sweden,Europe,1993,25,SWE
Kuwait,Eastern Mediterranean,1993,260,KWT
Eritrea,Africa,1993,267,ERI
Myanmar,South-East Asia,1993,2682,MMR
Costa Rica,Americas,1993,273,CRI
Democratic Republic of the Congo,Africa,1993,2749,COD
Egypt,Eastern Mediterranean,1993,2874,EGY
"China, Hong Kong Special Administrative Region",Global,1993,29,HKG
Jordan,Eastern Mediterranean,1993,2985,JOR
Cook Islands,Western Pacific,1993,3,COK
Malta,Europe,1993,3,MLT
Switzerland,Europe,1993,3000,CHE
Oman,Eastern Mediterranean,1993,3108,OMN
Estonia,Europe,1993,312,EST
United States of America,Americas,1993,312,USA
Algeria,Africa,1993,3141,DZA
Saudi Arabia,Eastern Mediterranean,1993,3182,SAU
Kazakhstan,Europe,1993,3297,KAZ
Hungary,Europe,1993,33,HUN
Armenia,Europe,1993,338,ARM
Nicaragua,Americas,1993,339,NIC
Bolivia (Plurinational State of),Americas,1993,3391,BOL
Bulgaria,Europe,1993,354,BGR
Malawi,Africa,1993,3614,MWI
Ecuador,Americas,1993,3627,ECU
Djibouti,Eastern Mediterranean,1993,37,DJI
El Salvador,Americas,1993,38,SLV
Kyrgyzstan,Europe,1993,3825,KGZ
Belarus,Europe,1993,3874,BLR
Lebanon,Eastern Mediterranean,1993,396,LBN
Luxembourg,Europe,1993,4,LUX
Togo,Africa,1993,4017,TGO
Georgia,Europe,1993,409,GEO
Benin,Africa,1993,4102,BEN
Fiji,Western Pacific,1993,425,FJI
Ireland,Europe,1993,4328,IRL
Australia,Western Pacific,1993,4536,AUS
Iran (Islamic Republic of),Eastern Mediterranean,1993,4616,IRN
Dominican Republic,Americas,1993,4637,DOM
Netherlands (Kingdom of the),Europe,1993,468,NLD
Brunei Darussalam,Western Pacific,1993,50,BRN
Greece,Europe,1993,503,GRC
Tajikistan,Europe,1993,5045,TJK
Bhutan,South-East Asia,1993,505,BTN
Argentina,Americas,1993,5087,ARG
Guinea,Africa,1993,5228,GIN
Botswana,Africa,1993,5327,BWA
Latvia,Europe,1993,54,LVA
Malaysia,Western Pacific,1993,542,MYS
Bangladesh,South-East Asia,1993,5443,BGD
Slovakia,Europe,1993,551,SVK
Sri Lanka,South-East Asia,1993,558,LKA
Mauritania,Africa,1993,5754,MRT
Mozambique,Africa,1993,5799,MOZ
Nepal,South-East Asia,1993,59,NPL
New Caledonia,Western Pacific,1993,6,NCL
San Marino,Europe,1993,6,SMR
Austria,Europe,1993,60,AUT
Yemen,Eastern Mediterranean,1993,601,YEM
Brazil,Americas,1993,6037,BRA
Madagascar,Africa,1993,6060,MDG
Maldives,South-East Asia,1993,61,MDV
Liberia,Africa,1993,6398,LBR
Vanuatu,Western Pacific,1993,67,VUT
Sudan,Eastern Mediterranean,1993,683,SDN
New Zealand,Western Pacific,1993,69,NZL
Congo,Africa,1993,693,COG
Albania,Europe,1993,7,ALB
Norway,Europe,1993,7,NOR
Samoa,Western Pacific,1993,7,WSM
Slovenia,Europe,1993,7,SVN
Mongolia,Western Pacific,1993,71,MNG
Eswatini,Africa,1993,7148,SWZ
Libya,Eastern Mediterranean,1993,733,LBY
Belgium,Europe,1993,7373,BEL
United Arab Emirates,Eastern Mediterranean,1993,745,ARE
Cote d'Ivoire,Africa,1993,7465,CIV
Philippines,Western Pacific,1993,7541,PHL
Iceland,Europe,1993,8,ISL
Papua New Guinea,Western Pacific,1993,8212,PNG
Morocco,Eastern Mediterranean,1993,8431,MAR
Qatar,Eastern Mediterranean,1993,86,QAT
Republic of Moldova,Europe,1993,866,MDA
Croatia,Europe,1993,87,HRV
Mauritius,Africa,1993,88,MUS
Sao Tome and Principe,Africa,1993,88,STP
Portugal,Europe,1993,881,PRT
Marshall Islands,Western Pacific,1993,9,MHL
Wallis and Futuna Islands,Western Pacific,1993,9,WLF
Panama,Americas,1993,90,PAN
Colombia,Americas,1993,9105,COL
Gambia,Africa,1993,912,GMB
Angola,Africa,1993,9273,AGO
Palau,Western Pacific,1993,93,PLW
Gabon,Africa,1993,958,GAB
Kenya,Africa,1993,961,KEN
Rwanda,Africa,1993,9861,RWA
Albania,Europe,1992,0,ALB
American Samoa,Western Pacific,1992,0,ASM
Anguilla,Americas,1992,0,AIA
Antigua and Barbuda,Americas,1992,0,ATG
Bahamas,Americas,1992,0,BHS
Barbados,Americas,1992,0,BRB
Bermuda,Americas,1992,0,BMU
British Virgin Islands,Americas,1992,0,VGB
Cayman Islands,Americas,1992,0,CYM
Comoros,Africa,1992,0,COM
Democratic People's Republic of Korea,South-East Asia,1992,0,PRK
Dominica,Americas,1992,0,DMA
Grenada,Americas,1992,0,GRD
Guyana,Americas,1992,0,GUY
Jamaica,Americas,1992,0,JAM
Maldives,South-East Asia,1992,0,MDV
Montserrat,Americas,1992,0,MSR
Niue,Western Pacific,1992,0,NIU
Palau,Western Pacific,1992,0,PLW
Saint Kitts and Nevis,Americas,1992,0,KNA
Saint Lucia,Americas,1992,0,LCA
Saint Vincent and the Grenadines,Americas,1992,0,VCT
Sao Tome and Principe,Africa,1992,0,STP
Seychelles,Africa,1992,0,SYC
Suriname,Americas,1992,0,SUR
Tokelau,Western Pacific,1992,0,TKL
Trinidad and Tobago,Americas,1992,0,TTO
Turks and Caicos Islands,Americas,1992,0,TCA
Wallis and Futuna Islands,Western Pacific,1992,0,WLF
Cabo Verde,Africa,1992,1,CPV
Chile,Americas,1992,1,CHL
Tuvalu,Western Pacific,1992,1,TUV
Marshall Islands,Western Pacific,1992,10,MHL
Slovenia,Europe,1992,10,SVN
Tonga,Western Pacific,1992,10,TON
Bhutan,South-East Asia,1992,103,BTN
United Arab Emirates,Eastern Mediterranean,1992,1063,ARE
Mongolia,Western Pacific,1992,1069,MNG
Jordan,Eastern Mediterranean,1992,1071,JOR
Belize,Americas,1992,11,BLZ
Georgia,Europe,1992,115,GEO
Bahrain,Eastern Mediterranean,1992,12,BHR
Cuba,Americas,1992,12,CUB
Gabon,Africa,1992,1245,GAB
Denmark,Europe,1992,129,DNK
Djibouti,Eastern Mediterranean,1992,129,DJI
Lebanon,Eastern Mediterranean,1992,13,LBN
Nepal,South-East Asia,1992,136,NPL
Hungary,Europe,1992,14,HUN
Australia,Western Pacific,1992,1425,AUS
Bosnia and Herzegovina,Europe,1992,144,BIH
Vanuatu,Western Pacific,1992,154,VUT
Croatia,Europe,1992,160,HRV
Monaco,Europe,1992,160,MCO
Guinea,Africa,1992,1617,GIN
Ireland,Europe,1992,179,IRL
Myanmar,South-East Asia,1992,1794,MMR
North Macedonia,Europe,1992,180,MKD
Lesotho,Africa,1992,1816,LSO
Oman,Eastern Mediterranean,1992,1834,OMN
Madagascar,Africa,1992,1846,MDG
Uruguay,Americas,1992,187,URY
Cyprus,Europe,1992,20,CYP
Lithuania,Europe,1992,200,LTU
Uzbekistan,Europe,1992,2020,UZB
Eswatini,Africa,1992,2042,SWZ
Portugal,Europe,1992,208,PRT
Serbia,Europe,1992,2108,SRB
French Polynesia,Western Pacific,1992,22,PYF
United States of America,Americas,1992,2231,USA
Belarus,Europe,1992,2324,BLR
Nicaragua,Americas,1992,2332,NIC
Costa Rica,Americas,1992,2361,CRI
Yemen,Eastern Mediterranean,1992,2420,YEM
Tajikistan,Europe,1992,2439,TJK
Latvia,Europe,1992,248,LVA
Canada,Americas,1992,2742,CAN
Cambodia,Western Pacific,1992,2759,KHM
Pakistan,Eastern Mediterranean,1992,2967,PAK
Equatorial Guinea,Africa,1992,297,GNQ
New Caledonia,Western Pacific,1992,3,NCL
Central African Republic,Africa,1992,3022,CAF
Benin,Africa,1992,3049,BEN
Mozambique,Africa,1992,3092,MOZ
Republic of Moldova,Europe,1992,322,MDA
"China, Hong Kong Special Administrative Region",Global,1992,329,HKG
Greece,Europe,1992,3448,GRC
"China, Macao Special Administrative Region",Global,1992,35,MAC
Malaysia,Western Pacific,1992,363,MYS
Gambia,Africa,1992,364,GMB
Libya,Eastern Mediterranean,1992,3691,LBY
Poland,Europe,1992,3695,POL
Syrian Arab Republic,Eastern Mediterranean,1992,374,SYR
Kuwait,Eastern Mediterranean,1992,383,KWT
Guam,Western Pacific,1992,4,GUM
Samoa,Western Pacific,1992,4,WSM
Micronesia (Federated States of),Western Pacific,1992,41,FSM
Slovakia,Europe,1992,415,SVK
Czechia,Europe,1992,416,CZE
Malta,Europe,1992,43,MLT
Switzerland,Europe,1992,4300,CHE
Congo,Africa,1992,4302,COG
Ecuador,Americas,1992,4356,ECU
Kiribati,Western Pacific,1992,4357,KIR
Egypt,Eastern Mediterranean,1992,4403,EGY
Armenia,Europe,1992,46,ARM
Netherlands (Kingdom of the),Europe,1992,472,NLD
Luxembourg,Europe,1992,48,LUX
Ethiopia,Africa,1992,4815,ETH
Bolivia (Plurinational State of),Americas,1992,4937,BOL
Mauritania,Africa,1992,4990,MRT
Finland,Europe,1992,5,FIN
Iran (Islamic Republic of),Eastern Mediterranean,1992,5028,IRN
El Salvador,Americas,1992,509,SLV
Brunei Darussalam,Western Pacific,1992,51,BRN
Lao People's Democratic Republic,Western Pacific,1992,520,LAO
Mexico,Americas,1992,533,MEX
Azerbaijan,Europe,1992,535,AZE
Botswana,Africa,1992,566,BWA
Sweden,Europe,1992,57,SWE
Bangladesh,South-East Asia,1992,5768,BGD
Liberia,Africa,1992,5776,LBR
Honduras,Americas,1992,58,HND
Morocco,Eastern Mediterranean,1992,6008,MAR
Singapore,Western Pacific,1992,606,SGP
Romania,Europe,1992,6061,ROU
Democratic Republic of the Congo,Africa,1992,63,COD
Kazakhstan,Europe,1992,647,KAZ
Israel,Europe,1992,66,ISR
Papua New Guinea,Western Pacific,1992,6634,PNG
Qatar,Eastern Mediterranean,1992,68,QAT
Namibia,Africa,1992,6874,NAM
Turkmenistan,Europe,1992,692,TKM
Togo,Africa,1992,6959,TGO
Mauritius,Africa,1992,7,MUS
Northern Mariana Islands,Western Pacific,1992,7,MNP
San Marino,Europe,1992,7,SMR
Sri Lanka,South-East Asia,1992,701,LKA
Estonia,Europe,1992,71,EST
Norway,Europe,1992,73,NOR
Dominican Republic,Americas,1992,7650,DOM
Mali,Africa,1992,7830,MLI
Thailand,South-East Asia,1992,7892,THA
Brazil,Americas,1992,7934,BRA
Colombia,Americas,1992,7976,COL
Iceland,Europe,1992,8,ISL
Kyrgyzstan,Europe,1992,815,KGZ
Guinea-Bissau,Africa,1992,842,GNB
Panama,Americas,1992,845,PAN
Solomon Islands,Western Pacific,1992,86,SLB
Paraguay,Americas,1992,864,PRY
Algeria,Africa,1992,8823,DZA
Cook Islands,Western Pacific,1992,9,COK
Sierra Leone,Africa,1992,914,SLE
Belgium,Europe,1992,9565,BEL
Fiji,Western Pacific,1992,969,FJI
Guatemala,Americas,1992,97,GTM
Albania,Europe,1991,0,ALB
Antigua and Barbuda,Americas,1991,0,ATG
Bahamas,Americas,1991,0,BHS
British Virgin Islands,Americas,1991,0,VGB
Cayman Islands,Americas,1991,0,CYM
Comoros,Africa,1991,0,COM
Democratic People's Republic of Korea,South-East Asia,1991,0,PRK
El Salvador,Americas,1991,0,SLV
Maldives,South-East Asia,1991,0,MDV
Mauritius,Africa,1991,0,MUS
Micronesia (Federated States of),Western Pacific,1991,0,FSM
Montserrat,Americas,1991,0,MSR
Nicaragua,Americas,1991,0,NIC
Palau,Western Pacific,1991,0,PLW
Saint Kitts and Nevis,Americas,1991,0,KNA
Saint Vincent and the Grenadines,Americas,1991,0,VCT
Samoa,Western Pacific,1991,0,WSM
Sao Tome and Principe,Africa,1991,0,STP
Suriname,Americas,1991,0,SUR
Tokelau,Western Pacific,1991,0,TKL
Tuvalu,Western Pacific,1991,0,TUV
Anguilla,Americas,1991,1,AIA
"China, Macao Special Administrative Region",Global,1991,1,MAC
Cyprus,Europe,1991,1,CYP
Luxembourg,Europe,1991,1,LUX
San Marino,Europe,1991,1,SMR
Iceland,Europe,1991,10,ISL
Peru,Americas,1991,1014,PER
United Arab Emirates,Eastern Mediterranean,1991,1148,ARE
Croatia,Europe,1991,117,HRV
Guyana,Americas,1991,12,GUY
Niue,Western Pacific,1991,121,NIU
Egypt,Eastern Mediterranean,1991,1231,EGY
Tajikistan,Europe,1991,1241,TJK
Tunisia,Eastern Mediterranean,1991,1250,TUN
Estonia,Europe,1991,129,EST
Djibouti,Eastern Mediterranean,1991,13,DJI
Turkmenistan,Europe,1991,1346,TKM
Ireland,Europe,1991,135,IRL
Belarus,Europe,1991,1351,BLR
Greece,Europe,1991,1371,GRC
Australia,Western Pacific,1991,1380,AUS
Lao People's Democratic Republic,Western Pacific,1991,1400,LAO
Trinidad and Tobago,Americas,1991,141,TTO
Kazakhstan,Europe,1991,1425,KAZ
Jordan,Eastern Mediterranean,1991,143,JOR
Lithuania,Europe,1991,143,LTU
Eswatini,Africa,1991,1467,SWZ
Ecuador,Americas,1991,1585,ECU
Hungary,Europe,1991,16,HUN
Denmark,Europe,1991,162,DNK
Gambia,Africa,1991,164,GMB
Kuwait,Eastern Mediterranean,1991,165,KWT
Libya,Eastern Mediterranean,1991,1695,LBY
Cuba,Americas,1991,17,CUB
Norway,Europe,1991,17,NOR
Romania,Europe,1991,1773,ROU
Bosnia and Herzegovina,Europe,1991,179,BIH
Tonga,Western Pacific,1991,18,TON
North Macedonia,Europe,1991,181,MKD
Sri Lanka,South-East Asia,1991,1896,LKA
American Samoa,Western Pacific,1991,19,ASM
Marshall Islands,Western Pacific,1991,19,MHL
Armenia,Europe,1991,192,ARM
Barbados,Americas,1991,2,BRB
Bermuda,Americas,1991,2,BMU
Grenada,Americas,1991,2,GRD
Saint Lucia,Americas,1991,2,LCA
Bulgaria,Europe,1991,2028,BGR
Uruguay,Americas,1991,2040,URY
Guatemala,Americas,1991,209,GTM
Chile,Americas,1991,2098,CHL
Bolivia (Plurinational State of),Americas,1991,2108,BOL
Slovakia,Europe,1991,211,SVK
Morocco,Eastern Mediterranean,1991,2125,MAR
Singapore,Western Pacific,1991,216,SGP
Cambodia,Western Pacific,1991,2186,KHM
Oman,Eastern Mediterranean,1991,220,OMN
Lesotho,Africa,1991,2351,LSO
Guinea-Bissau,Africa,1991,2396,GNB
Poland,Europe,1991,2419,POL
Panama,Americas,1991,2430,PAN
Sweden,Europe,1991,25,SWE
Switzerland,Europe,1991,2700,CHE
Papua New Guinea,Western Pacific,1991,2740,PNG
Malaysia,Western Pacific,1991,275,MYS
Portugal,Europe,1991,275,PRT
"China, Hong Kong Special Administrative Region",Global,1991,278,HKG
Zambia,Africa,1991,2822,ZMB
Sierra Leone,Africa,1991,284,SLE
Jamaica,Americas,1991,308,JAM
French Polynesia,Western Pacific,1991,31,PYF
Equatorial Guinea,Africa,1991,32,GNQ
Slovenia,Europe,1991,32,SVN
Georgia,Europe,1991,352,GEO
Syrian Arab Republic,Eastern Mediterranean,1991,359,SYR
Central African Republic,Africa,1991,3644,CAF
Uzbekistan,Europe,1991,3878,UZB
Congo,Africa,1991,4042,COG
Bhutan,South-East Asia,1991,441,BTN
Myanmar,South-East Asia,1991,4437,MMR
Solomon Islands,Western Pacific,1991,45,SLB
Mauritania,Africa,1991,4601,MRT
South Africa,Africa,1991,4777,ZAF
Ethiopia,Africa,1991,497,ETH
New Caledonia,Western Pacific,1991,5,NCL
Mozambique,Africa,1991,5059,MOZ
Mexico,Americas,1991,5077,MEX
Paraguay,Americas,1991,526,PRY
Ukraine,Europe,1991,5321,UKR
Benin,Africa,1991,5396,BEN
Vanuatu,Western Pacific,1991,541,VUT
Japan,Western Pacific,1991,5452,JPN
Qatar,Eastern Mediterranean,1991,563,QAT
Botswana,Africa,1991,565,BWA
Malawi,Africa,1991,5730,MWI
Rwanda,Africa,1991,5820,RWA
Madagascar,Africa,1991,5824,MDG
Netherlands (Kingdom of the),Europe,1991,59,NLD
Algeria,Africa,1991,5969,DZA
Dominica,Americas,1991,6,DMA
Latvia,Europe,1991,6,LVA
Seychelles,Africa,1991,6,SYC
Iran (Islamic Republic of),Eastern Mediterranean,1991,6034,IRN
Cook Islands,Western Pacific,1991,61,COK
Azerbaijan,Europe,1991,6122,AZE
Pakistan,Eastern Mediterranean,1991,617,PAK
Canada,Americas,1991,6178,CAN
Guam,Western Pacific,1991,62,GUM
Republic of Moldova,Europe,1991,621,MDA
Costa Rica,Americas,1991,6296,CRI
Saudi Arabia,Eastern Mediterranean,1991,6368,SAU
Mongolia,Western Pacific,1991,656,MNG
Burkina Faso,Africa,1991,6590,BFA
Guinea,Africa,1991,6708,GIN
Bahrain,Eastern Mediterranean,1991,7,BHR
Belize,Americas,1991,7,BLZ
Cabo Verde,Africa,1991,7,CPV
Belgium,Europe,1991,7216,BEL
Yemen,Eastern Mediterranean,1991,75,YEM
Dominican Republic,Americas,1991,7512,DOM
Afghanistan,Eastern Mediterranean,1991,792,AFG
Finland,Europe,1991,8,FIN
Kiribati,Western Pacific,1991,8,KIR
Malta,Europe,1991,8,MLT
Turks and Caicos Islands,Americas,1991,8,TCA
Kyrgyzstan,Europe,1991,824,KGZ
Czechia,Europe,1991,839,CZE
New Zealand,Western Pacific,1991,9239,NZL
Bangladesh,South-East Asia,1991,9292,BGD
Nepal,South-East Asia,1991,93,NPL
Honduras,Americas,1991,95,HND
United States of America,Americas,1991,9643,USA
Viet Nam,Western Pacific,1991,9874,VNM
Cote d'Ivoire,Africa,1991,9902,CIV
Israel,Europe,1991,991,ISR
Serbia,Europe,1991,991,SRB
Togo,Africa,1991,9934,TGO
Antigua and Barbuda,Americas,1990,0,ATG
Cabo Verde,Africa,1990,0,CPV
Cayman Islands,Americas,1990,0,CYM
Democratic People's Republic of Korea,South-East Asia,1990,0,PRK
El Salvador,Americas,1990,0,SLV
Maldives,South-East Asia,1990,0,MDV
Monaco,Europe,1990,0,MCO
Montserrat,Americas,1990,0,MSR
Nicaragua,Americas,1990,0,NIC
Palau,Western Pacific,1990,0,PLW
Samoa,Western Pacific,1990,0,WSM
Tokelau,Western Pacific,1990,0,TKL
Bermuda,Americas,1990,1,BMU
Guam,Western Pacific,1990,1,GUM
Guyana,Americas,1990,1,GUY
Mauritius,Africa,1990,1,MUS
Micronesia (Federated States of),Western Pacific,1990,1,FSM
Saint Vincent and the Grenadines,Americas,1990,1,VCT
San Marino,Europe,1990,1,SMR
Sao Tome and Principe,Africa,1990,10,STP
Canada,Americas,1990,1033,CAN
Djibouti,Eastern Mediterranean,1990,104,DJI
Uruguay,Americas,1990,110,URY
United Arab Emirates,Eastern Mediterranean,1990,1187,ARE
Croatia,Europe,1990,119,HRV
Brunei Darussalam,Western Pacific,1990,12,BRN
Cuba,Americas,1990,12,CUB
Botswana,Africa,1990,1218,BWA
Oman,Eastern Mediterranean,1990,1262,OMN
Central African Republic,Africa,1990,1275,CAF
Dominica,Americas,1990,13,DMA
Seychelles,Africa,1990,13,SYC
Mauritania,Africa,1990,1379,MRT
Mali,Africa,1990,1388,MLI
Paraguay,Americas,1990,1396,PRY
Iceland,Europe,1990,14,ISL
Marshall Islands,Western Pacific,1990,14,MHL
Haiti,Americas,1990,1414,HTI
Singapore,Western Pacific,1990,143,SGP
Eswatini,Africa,1990,1465,SWZ
Bulgaria,Europe,1990,147,BGR
Anguilla,Americas,1990,15,AIA
Morocco,Eastern Mediterranean,1990,1577,MAR
Luxembourg,Europe,1990,16,LUX
Netherlands (Kingdom of the),Europe,1990,16,NLD
Afghanistan,Eastern Mediterranean,1990,1609,AFG
Ecuador,Americas,1990,1646,ECU
Bangladesh,South-East Asia,1990,1705,BGD
Bhutan,South-East Asia,1990,173,BTN
Algeria,Africa,1990,1796,DZA
New Caledonia,Western Pacific,1990,18,NCL
Denmark,Europe,1990,180,DNK
Nepal,South-East Asia,1990,182,NPL
Ethiopia,Africa,1990,1836,ETH
Panama,Americas,1990,1891,PAN
"China, Macao Special Administrative Region",Global,1990,19,MAC
Chile,Americas,1990,1958,CHL
Argentina,Americas,1990,1967,ARG
Switzerland,Europe,1990,1990,CHE
Turks and Caicos Islands,Americas,1990,2,TCA
Azerbaijan,Europe,1990,2026,AZE
Latvia,Europe,1990,21,LVA
Lao People's Democratic Republic,Western Pacific,1990,2168,LAO
Lesotho,Africa,1990,2195,LSO
Belarus,Europe,1990,224,BLR
Israel,Europe,1990,230,ISR
Comoros,Africa,1990,2328,COM
Czechia,Europe,1990,2420,CZE
Greece,Europe,1990,245,GRC
Cambodia,Western Pacific,1990,2473,KHM
Belize,Americas,1990,25,BLZ
Guinea-Bissau,Africa,1990,259,GNB
Uganda,Africa,1990,2637,UGA
Kazakhstan,Europe,1990,273,KAZ
Turkmenistan,Europe,1990,2806,TKM
Hungary,Europe,1990,29,HUN
Sweden,Europe,1990,29,SWE
Jordan,Eastern Mediterranean,1990,290,JOR
Mongolia,Western Pacific,1990,296,MNG
Finland,Europe,1990,3,FIN
French Polynesia,Western Pacific,1990,30,PYF
Kiribati,Western Pacific,1990,30,KIR
Saint Lucia,Americas,1990,30,LCA
Nauru,Western Pacific,1990,300,NRU
Iraq,Eastern Mediterranean,1990,3045,IRQ
Qatar,Eastern Mediterranean,1990,314,QAT
Equatorial Guinea,Africa,1990,32,GNQ
Fiji,Western Pacific,1990,32,FJI
Republic of Moldova,Europe,1990,3242,MDA
Japan,Western Pacific,1990,3259,JPN
Estonia,Europe,1990,33,EST
Republic of Korea,Western Pacific,1990,3415,KOR
Solomon Islands,Western Pacific,1990,343,SLB
Dominican Republic,Americas,1990,3477,DOM
Northern Mariana Islands,Western Pacific,1990,35,MNP
Suriname,Americas,1990,35,SUR
Cook Islands,Western Pacific,1990,36,COK
Congo,Africa,1990,3608,COG
Jamaica,Americas,1990,3651,JAM
Uzbekistan,Europe,1990,3943,UZB
Cyprus,Europe,1990,4,CYP
Sri Lanka,South-East Asia,1990,4004,LKA
Portugal,Europe,1990,407,PRT
Togo,Africa,1990,4548,TGO
Democratic Republic of the Congo,Africa,1990,4564,COD
Papua New Guinea,Western Pacific,1990,4575,PNG
Romania,Europe,1990,4691,ROU
Slovakia,Europe,1990,47,SVK
"China, Hong Kong Special Administrative Region",Global,1990,48,HKG
Serbia,Europe,1990,4978,SRB
American Samoa,Western Pacific,1990,498,ASM
Senegal,Africa,1990,5004,SEN
Barbados,Americas,1990,51,BRB
Trinidad and Tobago,Americas,1990,511,TTO
Bosnia and Herzegovina,Europe,1990,512,BIH
Italy,Europe,1990,5223,ITA
Iran (Islamic Republic of),Eastern Mediterranean,1990,5341,IRN
Syrian Arab Republic,Eastern Mediterranean,1990,535,SYR
Saudi Arabia,Eastern Mediterranean,1990,5439,SAU
Tunisia,Eastern Mediterranean,1990,547,TUN
Ireland,Europe,1990,556,IRL
Malaysia,Western Pacific,1990,563,MYS
Kyrgyzstan,Europe,1990,584,KGZ
Bahrain,Eastern Mediterranean,1990,59,BHR
Grenada,Americas,1990,6,GRD
Malta,Europe,1990,6,MLT
Tonga,Western Pacific,1990,65,TON
Vanuatu,Western Pacific,1990,67,VUT
Zambia,Africa,1990,6748,ZMB
Ukraine,Europe,1990,6841,UKR
Tajikistan,Europe,1990,6897,TJK
Kuwait,Eastern Mediterranean,1990,71,KWT
Bahamas,Americas,1990,72,BHS
Chad,Africa,1990,7226,TCD
Peru,Americas,1990,737,PER
Gabon,Africa,1990,738,GAB
Costa Rica,Americas,1990,76,CRI
Myanmar,South-East Asia,1990,7900,MMR
Saint Kitts and Nevis,Americas,1990,80,KNA
Viet Nam,Western Pacific,1990,8175,VNM
Bolivia (Plurinational State of),Americas,1990,820,BOL
Sierra Leone,Africa,1990,830,SLE
Honduras,Americas,1990,8360,HND
Armenia,Europe,1990,879,ARM
Australia,Western Pacific,1990,880,AUS
Guatemala,Americas,1990,8802,GTM
Egypt,Eastern Mediterranean,1990,887,EGY
Rwanda,Africa,1990,8970,RWA
British Virgin Islands,Americas,1990,90,VGB
Libya,Eastern Mediterranean,1990,931,LBY
Norway,Europe,1990,95,NOR
Burkina Faso,Africa,1990,9804,BFA
Venezuela (Bolivarian Republic of),Americas,1990,9881,VEN
Antigua and Barbuda,Americas,1989,0,ATG
Cyprus,Europe,1989,0,CYP
Democratic People's Republic of Korea,South-East Asia,1989,0,PRK
El Salvador,Americas,1989,0,SLV
Maldives,South-East Asia,1989,0,MDV
Mauritius,Africa,1989,0,MUS
Micronesia (Federated States of),Western Pacific,1989,0,FSM
Monaco,Europe,1989,0,MCO
Nauru,Western Pacific,1989,0,NRU
New Zealand,Western Pacific,1989,0,NZL
Nicaragua,Americas,1989,0,NIC
Suriname,Americas,1989,0,SUR
Tokelau,Western Pacific,1989,0,TKL
Turks and Caicos Islands,Americas,1989,0,TCA
Tuvalu,Western Pacific,1989,0,TUV
Wallis and Futuna Islands,Western Pacific,1989,0,WLF
Bermuda,Americas,1989,1,BMU
Cabo Verde,Africa,1989,1,CPV
Montserrat,Americas,1989,1,MSR
Niue,Western Pacific,1989,1,NIU
Northern Mariana Islands,Western Pacific,1989,1,MNP
Palau,Western Pacific,1989,1,PLW
Saint Vincent and the Grenadines,Americas,1989,1,VCT
Samoa,Western Pacific,1989,1,WSM
Saint Lucia,Americas,1989,10,LCA
Malaysia,Western Pacific,1989,1027,MYS
Finland,Europe,1989,1032,FIN
Guinea-Bissau,Africa,1989,106,GNB
United Arab Emirates,Eastern Mediterranean,1989,1068,ARE
Qatar,Eastern Mediterranean,1989,1083,QAT
Guyana,Americas,1989,11,GUY
Bulgaria,Europe,1989,111,BGR
Peru,Americas,1989,1145,PER
Tunisia,Eastern Mediterranean,1989,1147,TUN
Afghanistan,Eastern Mediterranean,1989,1170,AFG
Cuba,Americas,1989,12,CUB
Luxembourg,Europe,1989,12,LUX
Saint Kitts and Nevis,Americas,1989,12,KNA
Netherlands (Kingdom of the),Europe,1989,124,NLD
Ireland,Europe,1989,1248,IRL
Marshall Islands,Western Pacific,1989,13,MHL
Norway,Europe,1989,13,NOR
Lesotho,Africa,1989,1378,LSO
"China, Hong Kong Special Administrative Region",Global,1989,139,HKG
Jordan,Eastern Mediterranean,1989,1397,JOR
Singapore,Western Pacific,1989,146,SGP
Eswatini,Africa,1989,1461,SWZ
Dominican Republic,Americas,1989,1505,DOM
Kiribati,Western Pacific,1989,1612,KIR
British Virgin Islands,Americas,1989,168,VGB
Morocco,Eastern Mediterranean,1989,1689,MAR
Australia,Western Pacific,1989,169,AUS
Vanuatu,Western Pacific,1989,169,VUT
Malta,Europe,1989,17,MLT
Comoros,Africa,1989,170,COM
Nepal,South-East Asia,1989,171,NPL
Japan,Western Pacific,1989,1753,JPN
Gabon,Africa,1989,1780,GAB
Bahrain,Eastern Mediterranean,1989,181,BHR
Liberia,Africa,1989,1866,LBR
American Samoa,Western Pacific,1989,2,ASM
Barbados,Americas,1989,2,BRB
Belize,Americas,1989,2,BLZ
Grenada,Americas,1989,2,GRD
Uruguay,Americas,1989,20,URY
Libya,Eastern Mediterranean,1989,207,LBY
Trinidad and Tobago,Americas,1989,2170,TTO
Mongolia,Western Pacific,1989,2176,MNG
Iceland,Europe,1989,23,ISL
Pakistan,Eastern Mediterranean,1989,2349,PAK
Republic of Korea,Western Pacific,1989,2394,KOR
Guatemala,Americas,1989,2413,GTM
Tonga,Western Pacific,1989,25,TON
Switzerland,Europe,1989,2700,CHE
Lao People's Democratic Republic,Western Pacific,1989,2793,LAO
Israel,Europe,1989,29,ISR
Guam,Western Pacific,1989,3,GUM
Panama,Americas,1989,301,PAN
Benin,Africa,1989,3281,BEN
Costa Rica,Americas,1989,33,CRI
Central African Republic,Africa,1989,331,CAF
Togo,Africa,1989,3499,TGO
Saudi Arabia,Eastern Mediterranean,1989,3588,SAU
Mali,Africa,1989,3605,MLI
Ecuador,Americas,1989,3649,ECU
Botswana,Africa,1989,3771,BWA
Paraguay,Americas,1989,386,PRY
Romania,Europe,1989,3870,ROU
Myanmar,South-East Asia,1989,3883,MMR
Brunei Darussalam,Western Pacific,1989,39,BRN
"China, Macao Special Administrative Region",Global,1989,4,MAC
Argentina,Americas,1989,4009,ARG
Denmark,Europe,1989,405,DNK
Egypt,Eastern Mediterranean,1989,4057,EGY
Guinea,Africa,1989,4152,GIN
Algeria,Africa,1989,4169,DZA
Ethiopia,Africa,1989,4169,ETH
Oman,Eastern Mediterranean,1989,4255,OMN
Germany,Europe,1989,45,DEU
Djibouti,Eastern Mediterranean,1989,490,DJI
Congo,Africa,1989,498,COG
Cayman Islands,Americas,1989,5,CYM
Seychelles,Africa,1989,5,SYC
Mauritania,Africa,1989,5032,MRT
Fiji,Western Pacific,1989,53,FJI
Greece,Europe,1989,534,GRC
Rwanda,Africa,1989,5429,RWA
Bhutan,South-East Asia,1989,554,BTN
Jamaica,Americas,1989,5726,JAM
Zambia,Africa,1989,5747,ZMB
Haiti,Americas,1989,580,HTI
Equatorial Guinea,Africa,1989,582,GNQ
Iran (Islamic Republic of),Eastern Mediterranean,1989,5895,IRN
Bahamas,Americas,1989,59,BHS
Sweden,Europe,1989,62,SWE
Sierra Leone,Africa,1989,625,SLE
Honduras,Americas,1989,6353,HND
Uganda,Africa,1989,660,UGA
Bolivia (Plurinational State of),Americas,1989,669,BOL
Cook Islands,Western Pacific,1989,691,COK
Anguilla,Americas,1989,7,AIA
United Republic of Tanzania,Africa,1989,7033,TZA
Kuwait,Eastern Mediterranean,1989,71,KWT
Poland,Europe,1989,7225,POL
Syrian Arab Republic,Eastern Mediterranean,1989,729,SYR
Chad,Africa,1989,7449,TCD
Burkina Faso,Africa,1989,7474,BFA
Sri Lanka,South-East Asia,1989,780,LKA
New Caledonia,Western Pacific,1989,8,NCL
French Polynesia,Western Pacific,1989,82,PYF
Dominica,Americas,1989,9,DMA
Cambodia,Western Pacific,1989,9256,KHM
Papua New Guinea,Western Pacific,1989,9799,PNG
Somalia,Eastern Mediterranean,1989,988,SOM
Albania,Europe,1988,0,ALB
Antigua and Barbuda,Americas,1988,0,ATG
British Virgin Islands,Americas,1988,0,VGB
Comoros,Africa,1988,0,COM
Cyprus,Europe,1988,0,CYP
Democratic People's Republic of Korea,South-East Asia,1988,0,PRK
Maldives,South-East Asia,1988,0,MDV
Micronesia (Federated States of),Western Pacific,1988,0,FSM
Monaco,Europe,1988,0,MCO
Northern Mariana Islands,Western Pacific,1988,0,MNP
Palau,Western Pacific,1988,0,PLW
Samoa,Western Pacific,1988,0,WSM
Seychelles,Africa,1988,0,SYC
Tokelau,Western Pacific,1988,0,TKL
Tonga,Western Pacific,1988,0,TON
Turks and Caicos Islands,Americas,1988,0,TCA
Tuvalu,Western Pacific,1988,0,TUV
Wallis and Futuna Islands,Western Pacific,1988,0,WLF
Barbados,Americas,1988,1,BRB
Cayman Islands,Americas,1988,1,CYM
Montserrat,Americas,1988,1,MSR
Niue,Western Pacific,1988,1,NIU
Dominica,Americas,1988,10,DMA
Saint Vincent and the Grenadines,Americas,1988,10,VCT
Poland,Europe,1988,1005,POL
Iceland,Europe,1988,11,ISL
Guinea-Bissau,Africa,1988,1103,GNB
Hungary,Europe,1988,1103,HUN
Honduras,Americas,1988,1155,HND
Sao Tome and Principe,Africa,1988,118,STP
United Arab Emirates,Eastern Mediterranean,1988,1187,ARE
Saint Kitts and Nevis,Americas,1988,12,KNA
Cuba,Americas,1988,121,CUB
Finland,Europe,1988,129,FIN
Norway,Europe,1988,133,NOR
Vanuatu,Western Pacific,1988,140,VUT
Cook Islands,Western Pacific,1988,15,COK
Netherlands (Kingdom of the),Europe,1988,1519,NLD
Republic of Korea,Western Pacific,1988,1579,KOR
Eswatini,Africa,1988,1581,SWZ
Senegal,Africa,1988,1596,SEN
Uganda,Africa,1988,1666,UGA
Germany,Europe,1988,17,DEU
Malta,Europe,1988,17,MLT
Bolivia (Plurinational State of),Americas,1988,1793,BOL
Lesotho,Africa,1988,1797,LSO
French Polynesia,Western Pacific,1988,18,PYF
Luxembourg,Europe,1988,18,LUX
Romania,Europe,1988,1810,ROU
Guatemala,Americas,1988,182,GTM
Central African Republic,Africa,1988,1898,CAF
Singapore,Western Pacific,1988,192,SGP
Nepal,South-East Asia,1988,193,NPL
Israel,Europe,1988,194,ISR
Anguilla,Americas,1988,2,AIA
Guam,Western Pacific,1988,2,GUM
Mauritius,Africa,1988,2,MUS
Sierra Leone,Africa,1988,207,SLE
Bahamas,Americas,1988,22,BHS
Lao People's Democratic Republic,Western Pacific,1988,2243,LAO
Portugal,Europe,1988,2285,PRT
Malaysia,Western Pacific,1988,2304,MYS
Morocco,Eastern Mediterranean,1988,2306,MAR
Haiti,Americas,1988,235,HTI
Australia,Western Pacific,1988,248,AUS
Liberia,Africa,1988,2556,LBR
Sri Lanka,South-East Asia,1988,2630,LKA
Algeria,Africa,1988,2634,DZA
Kiribati,Western Pacific,1988,264,KIR
Brunei Darussalam,Western Pacific,1988,28,BRN
Tunisia,Eastern Mediterranean,1988,288,TUN
Somalia,Eastern Mediterranean,1988,296,SOM
American Samoa,Western Pacific,1988,3,ASM
Jamaica,Americas,1988,30,JAM
Mongolia,Western Pacific,1988,3044,MNG
Japan,Western Pacific,1988,3109,JPN
Nicaragua,Americas,1988,314,NIC
Libya,Eastern Mediterranean,1988,316,LBY
"China, Hong Kong Special Administrative Region",Global,1988,3162,HKG
Guinea,Africa,1988,3353,GIN
United States of America,Americas,1988,3396,USA
Costa Rica,Americas,1988,358,CRI
Chad,Africa,1988,3645,TCD
Egypt,Eastern Mediterranean,1988,3672,EGY
Panama,Americas,1988,378,PAN
Sweden,Europe,1988,38,SWE
Bhutan,South-East Asia,1988,382,BTN
Qatar,Eastern Mediterranean,1988,382,QAT
Trinidad and Tobago,Americas,1988,388,TTO
Mexico,Americas,1988,3915,MEX
Bermuda,Americas,1988,4,BMU
Grenada,Americas,1988,4,GRD
Saint Lucia,Americas,1988,4,LCA
Bulgaria,Europe,1988,404,BGR
Myanmar,South-East Asia,1988,4323,MMR
Mauritania,Africa,1988,434,MRT
Rwanda,Africa,1988,4364,RWA
Mali,Africa,1988,4478,MLI
Namibia,Africa,1988,4482,NAM
Congo,Africa,1988,454,COG
Afghanistan,Eastern Mediterranean,1988,4561,AFG
Djibouti,Eastern Mediterranean,1988,473,DJI
Argentina,Americas,1988,4751,ARG
Jordan,Eastern Mediterranean,1988,4810,JOR
Cambodia,Western Pacific,1988,4934,KHM
Bahrain,Eastern Mediterranean,1988,5,BHR
Greece,Europe,1988,5100,GRC
Benin,Africa,1988,5275,BEN
Peru,Americas,1988,5785,PER
Syrian Arab Republic,Eastern Mediterranean,1988,58,SYR
Solomon Islands,Western Pacific,1988,593,SLB
Oman,Eastern Mediterranean,1988,6052,OMN
Canada,Americas,1988,609,CAN
Fiji,Western Pacific,1988,610,FJI
Denmark,Europe,1988,618,DNK
"China, Macao Special Administrative Region",Global,1988,642,MAC
Papua New Guinea,Western Pacific,1988,6543,PNG
Gabon,Africa,1988,655,GAB
Serbia,Europe,1988,6629,SRB
Suriname,Americas,1988,68,SUR
Dominican Republic,Americas,1988,692,DOM
Cabo Verde,Africa,1988,7,CPV
Kuwait,Eastern Mediterranean,1988,70,KWT
Botswana,Africa,1988,711,BWA
Belize,Americas,1988,74,BLZ
Sudan,Eastern Mediterranean,1988,7466,SDN
Paraguay,Americas,1988,755,PRY
Ethiopia,Africa,1988,7575,ETH
Uruguay,Americas,1988,76,URY
Switzerland,Europe,1988,7600,CHE
Burkina Faso,Africa,1988,7782,BFA
El Salvador,Americas,1988,787,SLV
Ecuador,Americas,1988,8004,ECU
Saudi Arabia,Eastern Mediterranean,1988,8225,SAU
New Caledonia,Western Pacific,1988,9,NCL
Guyana,Americas,1988,917,GUY
Türkiye,Europe,1988,9279,TUR
Iraq,Eastern Mediterranean,1988,9284,IRQ
Ireland,Europe,1988,936,IRL
Albania,Europe,1987,0,ALB
Anguilla,Americas,1987,0,AIA
Antigua and Barbuda,Americas,1987,0,ATG
British Virgin Islands,Americas,1987,0,VGB
"China, Macao Special Administrative Region",Global,1987,0,MAC
Comoros,Africa,1987,0,COM
Cyprus,Europe,1987,0,CYP
Democratic People's Republic of Korea,South-East Asia,1987,0,PRK
Maldives,South-East Asia,1987,0,MDV
Marshall Islands,Western Pacific,1987,0,MHL
Mauritius,Africa,1987,0,MUS
Monaco,Europe,1987,0,MCO
Montserrat,Americas,1987,0,MSR
Nauru,Western Pacific,1987,0,NRU
Niue,Western Pacific,1987,0,NIU
Northern Mariana Islands,Western Pacific,1987,0,MNP
Palau,Western Pacific,1987,0,PLW
Samoa,Western Pacific,1987,0,WSM
Sao Tome and Principe,Africa,1987,0,STP
Tokelau,Western Pacific,1987,0,TKL
Tonga,Western Pacific,1987,0,TON
Turks and Caicos Islands,Americas,1987,0,TCA
American Samoa,Western Pacific,1987,1,ASM
Micronesia (Federated States of),Western Pacific,1987,1,FSM
Saint Vincent and the Grenadines,Americas,1987,1,VCT
Sierra Leone,Africa,1987,1000,SLE
Fiji,Western Pacific,1987,1075,FJI
Uruguay,Americas,1987,1190,URY
New Caledonia,Western Pacific,1987,1221,NCL
Singapore,Western Pacific,1987,123,SGP
Botswana,Africa,1987,126,BWA
Poland,Europe,1987,1286,POL
Iceland,Europe,1987,14,ISL
Congo,Africa,1987,1420,COG
Honduras,Americas,1987,1437,HND
Luxembourg,Europe,1987,153,LUX
Ecuador,Americas,1987,1537,ECU
Bulgaria,Europe,1987,1560,BGR
Cook Islands,Western Pacific,1987,16,COK
Sudan,Eastern Mediterranean,1987,1635,SDN
Jordan,Eastern Mediterranean,1987,1645,JOR
Guinea-Bissau,Africa,1987,174,GNB
Paraguay,Americas,1987,1742,PRY
Egypt,Eastern Mediterranean,1987,1805,EGY
Republic of Korea,Western Pacific,1987,1880,KOR
Panama,Americas,1987,1885,PAN
Germany,Europe,1987,189,DEU
Greece,Europe,1987,1891,GRC
Nepal,South-East Asia,1987,190,NPL
"China, Hong Kong Special Administrative Region",Global,1987,194,HKG
Barbados,Americas,1987,2,BRB
Guam,Western Pacific,1987,2,GUM
Seychelles,Africa,1987,2,SYC
Ireland,Europe,1987,201,IRL
Gabon,Africa,1987,2074,GAB
Saint Kitts and Nevis,Americas,1987,21,KNA
Central African Republic,Africa,1987,2148,CAF
Liberia,Africa,1987,2178,LBR
Türkiye,Europe,1987,2194,TUR
Bahrain,Eastern Mediterranean,1987,22,BHR
Guyana,Americas,1987,22,GUY
Kiribati,Western Pacific,1987,22,KIR
Somalia,Eastern Mediterranean,1987,222,SOM
Belize,Americas,1987,224,BLZ
Netherlands (Kingdom of the),Europe,1987,227,NLD
Mauritania,Africa,1987,2323,MRT
Canada,Americas,1987,2385,CAN
Lesotho,Africa,1987,2448,LSO
Algeria,Africa,1987,2500,DZA
Vanuatu,Western Pacific,1987,253,VUT
Lao People's Democratic Republic,Western Pacific,1987,2580,LAO
Chile,Americas,1987,2623,CHL
Mexico,Americas,1987,2776,MEX
Tuvalu,Western Pacific,1987,284,TUV
United Arab Emirates,Eastern Mediterranean,1987,2913,ARE
Syrian Arab Republic,Eastern Mediterranean,1987,292,SYR
Cayman Islands,Americas,1987,3,CYM
Hungary,Europe,1987,30,HUN
Haiti,Americas,1987,3130,HTI
Senegal,Africa,1987,3453,SEN
Sri Lanka,South-East Asia,1987,3508,LKA
Chad,Africa,1987,3623,TCD
United States of America,Americas,1987,3655,USA
Jamaica,Americas,1987,37,JAM
Mongolia,Western Pacific,1987,378,MNG
Oman,Eastern Mediterranean,1987,3804,OMN
Indonesia,South-East Asia,1987,395,IDN
Saint Lucia,Americas,1987,4,LCA
French Polynesia,Western Pacific,1987,40,PYF
Guatemala,Americas,1987,400,GTM
Costa Rica,Americas,1987,4004,CRI
Libya,Eastern Mediterranean,1987,401,LBY
El Salvador,Americas,1987,405,SLV
Qatar,Eastern Mediterranean,1987,409,QAT
Bahamas,Americas,1987,42,BHS
Eswatini,Africa,1987,4261,SWZ
Kuwait,Eastern Mediterranean,1987,428,KWT
Solomon Islands,Western Pacific,1987,434,SLB
Mali,Africa,1987,4352,MLI
Israel,Europe,1987,438,ISR
Trinidad and Tobago,Americas,1987,441,TTO
Cabo Verde,Africa,1987,450,CPV
Malta,Europe,1987,46,MLT
Ethiopia,Africa,1987,4832,ETH
Dominican Republic,Americas,1987,499,DOM
Suriname,Americas,1987,5,SUR
Djibouti,Eastern Mediterranean,1987,52,DJI
Malaysia,Western Pacific,1987,5429,MYS
Myanmar,South-East Asia,1987,5540,MMR
Bermuda,Americas,1987,56,BMU
Norway,Europe,1987,563,NOR
Tunisia,Eastern Mediterranean,1987,573,TUN
Japan,Western Pacific,1987,5872,JPN
Grenada,Americas,1987,6,GRD
Peru,Americas,1987,6240,PER
Denmark,Europe,1987,6268,DNK
Brunei Darussalam,Western Pacific,1987,63,BRN
Finland,Europe,1987,635,FIN
Bhutan,South-East Asia,1987,673,BTN
Guinea,Africa,1987,7357,GIN
Switzerland,Europe,1987,7400,CHE
Nicaragua,Americas,1987,792,NIC
Iraq,Eastern Mediterranean,1987,7978,IRQ
Argentina,Americas,1987,8024,ARG
Portugal,Europe,1987,813,PRT
Dominica,Americas,1987,82,DMA
Cuba,Americas,1987,858,CUB
Serbia,Europe,1987,8639,SRB
Cambodia,Western Pacific,1987,9281,KHM
Bolivia (Plurinational State of),Americas,1987,987,BOL
Albania,Europe,1986,0,ALB
Anguilla,Americas,1986,0,AIA
Antigua and Barbuda,Americas,1986,0,ATG
British Virgin Islands,Americas,1986,0,VGB
Comoros,Africa,1986,0,COM
Democratic People's Republic of Korea,South-East Asia,1986,0,PRK
Maldives,South-East Asia,1986,0,MDV
Monaco,Europe,1986,0,MCO
Montserrat,Americas,1986,0,MSR
Palau,Western Pacific,1986,0,PLW
Solomon Islands,Western Pacific,1986,0,SLB
Turks and Caicos Islands,Americas,1986,0,TCA
Tuvalu,Western Pacific,1986,0,TUV
Cyprus,Europe,1986,1,CYP
Marshall Islands,Western Pacific,1986,1,MHL
Nauru,Western Pacific,1986,1,NRU
Samoa,Western Pacific,1986,1,WSM
Tokelau,Western Pacific,1986,1,TKL
Botswana,Africa,1986,1018,BWA
"China, Macao Special Administrative Region",Global,1986,104,MAC
Greece,Europe,1986,1050,GRC
Vanuatu,Western Pacific,1986,1064,VUT
Indonesia,South-East Asia,1986,1136,IDN
Egypt,Eastern Mediterranean,1986,1176,EGY
Norway,Europe,1986,1219,NOR
Belize,Americas,1986,124,BLZ
Iceland,Europe,1986,132,ISL
Mongolia,Western Pacific,1986,133,MNG
Lao People's Democratic Republic,Western Pacific,1986,1367,LAO
Bulgaria,Europe,1986,1370,BGR
Guyana,Americas,1986,15,GUY
Sierra Leone,Africa,1986,164,SLE
Guatemala,Americas,1986,1650,GTM
Hungary,Europe,1986,17,HUN
Sweden,Europe,1986,173,SWE
Central African Republic,Africa,1986,1785,CAF
Republic of Korea,Western Pacific,1986,1818,KOR
Malta,Europe,1986,1844,MLT
Israel,Europe,1986,1951,ISR
Uruguay,Americas,1986,198,URY
Germany,Europe,1986,199,DEU
American Samoa,Western Pacific,1986,2,ASM
Barbados,Americas,1986,2,BRB
Cayman Islands,Americas,1986,2,CYM
Kiribati,Western Pacific,1986,2,KIR
Saint Vincent and the Grenadines,Americas,1986,2,VCT
Grenada,Americas,1986,20,GRD
Oman,Eastern Mediterranean,1986,2001,OMN
Qatar,Eastern Mediterranean,1986,2095,QAT
"China, Hong Kong Special Administrative Region",Global,1986,215,HKG
Syrian Arab Republic,Eastern Mediterranean,1986,2154,SYR
United Arab Emirates,Eastern Mediterranean,1986,2158,ARE
Singapore,Western Pacific,1986,218,SGP
Saint Kitts and Nevis,Americas,1986,22,KNA
Guinea-Bissau,Africa,1986,2241,GNB
Eswatini,Africa,1986,2253,SWZ
Türkiye,Europe,1986,2267,TUR
Tonga,Western Pacific,1986,233,TON
Kuwait,Eastern Mediterranean,1986,237,KWT
Nicaragua,Americas,1986,2550,NIC
Guinea,Africa,1986,2592,GIN
Trinidad and Tobago,Americas,1986,2660,TTO
Haiti,Americas,1986,269,HTI
Luxembourg,Europe,1986,27,LUX
El Salvador,Americas,1986,278,SLV
Jordan,Eastern Mediterranean,1986,297,JOR
Jamaica,Americas,1986,30,JAM
Saint Lucia,Americas,1986,32,LCA
Cuba,Americas,1986,3312,CUB
Bolivia (Plurinational State of),Americas,1986,346,BOL
Chad,Africa,1986,3500,TCD
Suriname,Americas,1986,37,SUR
Tunisia,Eastern Mediterranean,1986,3740,TUN
Ethiopia,Africa,1986,3760,ETH
Myanmar,South-East Asia,1986,3830,MMR
Fiji,Western Pacific,1986,385,FJI
Algeria,Africa,1986,3975,DZA
Gambia,Africa,1986,3997,GMB
Bermuda,Americas,1986,4,BMU
Seychelles,Africa,1986,4,SYC
Panama,Americas,1986,4199,PAN
French Polynesia,Western Pacific,1986,43,PYF
Lesotho,Africa,1986,4376,LSO
Brunei Darussalam,Western Pacific,1986,440,BRN
Dominica,Americas,1986,45,DMA
Ireland,Europe,1986,451,IRL
Costa Rica,Americas,1986,4534,CRI
Mali,Africa,1986,4669,MLI
Malaysia,Western Pacific,1986,4699,MYS
Cook Islands,Western Pacific,1986,5,COK
Mauritius,Africa,1986,5,MUS
Dominican Republic,Americas,1986,501,DOM
Colombia,Americas,1986,5180,COL
Mauritania,Africa,1986,5318,MRT
Guam,Western Pacific,1986,6,GUM
Honduras,Americas,1986,603,HND
Peru,Americas,1986,6099,PER
Paraguay,Americas,1986,610,PRY
Sri Lanka,South-East Asia,1986,6235,LKA
United States of America,Americas,1986,6282,USA
Japan,Western Pacific,1986,6323,JPN
Congo,Africa,1986,6424,COG
Argentina,Americas,1986,6448,ARG
Nepal,South-East Asia,1986,68,NPL
Poland,Europe,1986,6806,POL
Gabon,Africa,1986,6826,GAB
Senegal,Africa,1986,6831,SEN
Sao Tome and Principe,Africa,1986,69,STP
Niue,Western Pacific,1986,7,NIU
Somalia,Eastern Mediterranean,1986,70,SOM
Benin,Africa,1986,7374,BEN
Finland,Europe,1986,741,FIN
Equatorial Guinea,Africa,1986,788,GNQ
Afghanistan,Eastern Mediterranean,1986,8107,AFG
Liberia,Africa,1986,836,LBR
Ecuador,Americas,1986,839,ECU
Bahamas,Americas,1986,85,BHS
Libya,Eastern Mediterranean,1986,851,LBY
Netherlands (Kingdom of the),Europe,1986,90,NLD
France,Europe,1986,931,FRA
Bhutan,South-East Asia,1986,948,BTN
New Caledonia,Western Pacific,1986,950,NCL
Bahrain,Eastern Mediterranean,1986,97,BHR
Mexico,Americas,1986,9824,MEX
Albania,Europe,1985,0,ALB
Anguilla,Americas,1985,0,AIA
Bermuda,Americas,1985,0,BMU
British Virgin Islands,Americas,1985,0,VGB
Comoros,Africa,1985,0,COM
Democratic People's Republic of Korea,South-East Asia,1985,0,PRK
Monaco,Europe,1985,0,MCO
Montserrat,Americas,1985,0,MSR
Palau,Western Pacific,1985,0,PLW
Tuvalu,Western Pacific,1985,0,TUV
Antigua and Barbuda,Americas,1985,1,ATG
Costa Rica,Americas,1985,1,CRI
Cyprus,Europe,1985,1,CYP
Seychelles,Africa,1985,10,SYC
Djibouti,Eastern Mediterranean,1985,108,DJI
Samoa,Western Pacific,1985,1095,WSM
Suriname,Americas,1985,110,SUR
Ecuador,Americas,1985,1183,ECU
Guam,Western Pacific,1985,12,GUM
Somalia,Eastern Mediterranean,1985,128,SOM
Republic of Korea,Western Pacific,1985,1283,KOR
Norway,Europe,1985,1312,NOR
Guinea-Bissau,Africa,1985,1328,GNB
Singapore,Western Pacific,1985,136,SGP
Qatar,Eastern Mediterranean,1985,1410,QAT
El Salvador,Americas,1985,1413,SLV
Greece,Europe,1985,1484,GRC
Lao People's Democratic Republic,Western Pacific,1985,1492,LAO
Fiji,Western Pacific,1985,152,FJI
Uruguay,Americas,1985,160,URY
Gambia,Africa,1985,1628,GMB
Botswana,Africa,1985,1684,BWA
Malta,Europe,1985,175,MLT
Bahrain,Eastern Mediterranean,1985,1910,BHR
French Polynesia,Western Pacific,1985,1927,PYF
Mauritius,Africa,1985,2,MUS
Solomon Islands,Western Pacific,1985,2,SLB
Turks and Caicos Islands,Americas,1985,2,TCA
Hungary,Europe,1985,20,HUN
Kiribati,Western Pacific,1985,2015,KIR
Maldives,South-East Asia,1985,2029,MDV
Kuwait,Eastern Mediterranean,1985,2061,KWT
Niue,Western Pacific,1985,21,NIU
Haiti,Americas,1985,2111,HTI
Bolivia (Plurinational State of),Americas,1985,217,BOL
Guatemala,Americas,1985,2272,GTM
Netherlands (Kingdom of the),Europe,1985,24,NLD
United Arab Emirates,Eastern Mediterranean,1985,2400,ARE
Central African Republic,Africa,1985,2446,CAF
Bahamas,Americas,1985,26,BHS
"China, Macao Special Administrative Region",Global,1985,265,MAC
Liberia,Africa,1985,2686,LBR
Saint Kitts and Nevis,Americas,1985,27,KNA
American Samoa,Western Pacific,1985,28,ASM
"China, Hong Kong Special Administrative Region",Global,1985,280,HKG
Japan,Western Pacific,1985,2810,JPN
Canada,Americas,1985,2816,CAN
United States of America,Americas,1985,2822,USA
Cuba,Americas,1985,2874,CUB
Guinea,Africa,1985,2969,GIN
Israel,Europe,1985,3005,ISR
Cabo Verde,Africa,1985,3048,CPV
Eswatini,Africa,1985,3253,SWZ
Sweden,Europe,1985,326,SWE
Sierra Leone,Africa,1985,3351,SLE
Trinidad and Tobago,Americas,1985,3549,TTO
Iceland,Europe,1985,374,ISL
France,Europe,1985,399,FRA
Cayman Islands,Americas,1985,4,CYM
Marshall Islands,Western Pacific,1985,4,MHL
Tokelau,Western Pacific,1985,41,TKL
Tonga,Western Pacific,1985,412,TON
Oman,Eastern Mediterranean,1985,4161,OMN
Libya,Eastern Mediterranean,1985,4193,LBY
Morocco,Eastern Mediterranean,1985,4216,MAR
Syrian Arab Republic,Eastern Mediterranean,1985,425,SYR
Panama,Americas,1985,4295,PAN
Dominican Republic,Americas,1985,4417,DOM
Equatorial Guinea,Africa,1985,464,GNQ
Tunisia,Eastern Mediterranean,1985,4766,TUN
Saint Vincent and the Grenadines,Americas,1985,5,VCT
Cook Islands,Western Pacific,1985,50,COK
Romania,Europe,1985,5007,ROU
Malaysia,Western Pacific,1985,5163,MYS
Gabon,Africa,1985,5222,GAB
Mongolia,Western Pacific,1985,525,MNG
Egypt,Eastern Mediterranean,1985,5554,EGY
Colombia,Americas,1985,5572,COL
Jordan,Eastern Mediterranean,1985,559,JOR
Germany,Europe,1985,568,DEU
Papua New Guinea,Western Pacific,1985,5680,PNG
Finland,Europe,1985,614,FIN
Brunei Darussalam,Western Pacific,1985,617,BRN
Luxembourg,Europe,1985,62,LUX
Sao Tome and Principe,Africa,1985,62,STP
Dominica,Americas,1985,64,DMA
Chad,Africa,1985,6430,TCD
Honduras,Americas,1985,6476,HND
Paraguay,Americas,1985,666,PRY
Jamaica,Americas,1985,67,JAM
Barbados,Americas,1985,7,BRB
Belize,Americas,1985,7,BLZ
Grenada,Americas,1985,7,GRD
Lesotho,Africa,1985,7362,LSO
Congo,Africa,1985,7600,COG
New Caledonia,Western Pacific,1985,77,NCL
Bhutan,South-East Asia,1985,819,BTN
Guyana,Americas,1985,87,GUY
Cote d'Ivoire,Africa,1985,8892,CIV
Saint Lucia,Americas,1985,9,LCA
Argentina,Americas,1985,9240,ARG
Peru,Americas,1985,9393,PER
Sri Lanka,South-East Asia,1985,9398,LKA
Vanuatu,Western Pacific,1985,940,VUT
Indonesia,South-East Asia,1985,9458,IDN
Nepal,South-East Asia,1985,952,NPL
Nicaragua,Americas,1985,956,NIC
Bulgaria,Europe,1985,972,BGR
Ireland,Europe,1985,9903,IRL
Albania,Europe,1984,0,ALB
American Samoa,Western Pacific,1984,0,ASM
Anguilla,Americas,1984,0,AIA
British Virgin Islands,Americas,1984,0,VGB
Comoros,Africa,1984,0,COM
Democratic People's Republic of Korea,South-East Asia,1984,0,PRK
Maldives,South-East Asia,1984,0,MDV
Marshall Islands,Western Pacific,1984,0,MHL
Monaco,Europe,1984,0,MCO
Montserrat,Americas,1984,0,MSR
Niue,Western Pacific,1984,0,NIU
Palau,Western Pacific,1984,0,PLW
Samoa,Western Pacific,1984,0,WSM
Tokelau,Western Pacific,1984,0,TKL
Antigua and Barbuda,Americas,1984,1,ATG
Cook Islands,Western Pacific,1984,1,COK
Sweden,Europe,1984,1003,SWE
Guam,Western Pacific,1984,104,GUM
Costa Rica,Americas,1984,11,CRI
Grenada,Americas,1984,11,GRD
"China, Macao Special Administrative Region",Global,1984,110,MAC
French Polynesia,Western Pacific,1984,113,PYF
Bahrain,Eastern Mediterranean,1984,1134,BHR
Greece,Europe,1984,1200,GRC
Bolivia (Plurinational State of),Americas,1984,1270,BOL
Djibouti,Eastern Mediterranean,1984,1295,DJI
Saint Lucia,Americas,1984,13,LCA
Bhutan,South-East Asia,1984,1321,BTN
Israel,Europe,1984,137,ISR
Syrian Arab Republic,Eastern Mediterranean,1984,1405,SYR
Kiribati,Western Pacific,1984,1417,KIR
Saint Vincent and the Grenadines,Americas,1984,15,VCT
Nicaragua,Americas,1984,153,NIC
Iceland,Europe,1984,162,ISL
Vanuatu,Western Pacific,1984,1634,VUT
Haiti,Americas,1984,1681,HTI
United Arab Emirates,Eastern Mediterranean,1984,1749,ARE
Norway,Europe,1984,1775,NOR
Dominica,Americas,1984,188,DMA
Seychelles,Africa,1984,19,SYC
Equatorial Guinea,Africa,1984,198,GNQ
Saint Kitts and Nevis,Americas,1984,2,KNA
Tuvalu,Western Pacific,1984,2,TUV
Nepal,South-East Asia,1984,2042,NPL
Romania,Europe,1984,2108,ROU
Republic of Korea,Western Pacific,1984,2246,KOR
Jamaica,Americas,1984,236,JAM
Solomon Islands,Western Pacific,1984,238,SLB
Sudan,Eastern Mediterranean,1984,2390,SDN
Singapore,Western Pacific,1984,2417,SGP
Tunisia,Eastern Mediterranean,1984,2481,TUN
Libya,Eastern Mediterranean,1984,2526,LBY
United States of America,Americas,1984,2587,USA
Jordan,Eastern Mediterranean,1984,2592,JOR
Bulgaria,Europe,1984,292,BGR
Guyana,Americas,1984,294,GUY
Bermuda,Americas,1984,3,BMU
Cyprus,Europe,1984,3,CYP
Guatemala,Americas,1984,3072,GTM
Cuba,Americas,1984,3315,CUB
Luxembourg,Europe,1984,35,LUX
Uruguay,Americas,1984,352,URY
Guinea-Bissau,Africa,1984,355,GNB
Trinidad and Tobago,Americas,1984,3556,TTO
Panama,Americas,1984,358,PAN
Bahamas,Americas,1984,36,BHS
Belize,Americas,1984,4,BLZ
Wallis and Futuna Islands,Western Pacific,1984,4,WLF
Suriname,Americas,1984,40,SUR
Sierra Leone,Africa,1984,4016,SLE
Canada,Americas,1984,4078,CAN
Guinea,Africa,1984,4396,GIN
Dominican Republic,Americas,1984,4429,DOM
Mali,Africa,1984,4494,MLI
El Salvador,Americas,1984,4775,SLV
Chile,Americas,1984,4785,CHL
Eswatini,Africa,1984,4794,SWZ
Somalia,Eastern Mediterranean,1984,487,SOM
Egypt,Eastern Mediterranean,1984,4898,EGY
Cabo Verde,Africa,1984,49,CPV
Barbados,Americas,1984,5,BRB
Cayman Islands,Americas,1984,5,CYM
Tonga,Western Pacific,1984,5,TON
Honduras,Americas,1984,5028,HND
Mexico,Americas,1984,5158,MEX
Brunei Darussalam,Western Pacific,1984,541,BRN
Ireland,Europe,1984,5725,IRL
Sao Tome and Principe,Africa,1984,576,STP
Malta,Europe,1984,58,MLT
Lesotho,Africa,1984,5821,LSO
Cote d'Ivoire,Africa,1984,5946,CIV
Mauritius,Africa,1984,6,MUS
Turks and Caicos Islands,Americas,1984,6,TCA
Kuwait,Eastern Mediterranean,1984,608,KWT
Liberia,Africa,1984,6151,LBR
Central African Republic,Africa,1984,6395,CAF
"China, Hong Kong Special Administrative Region",Global,1984,678,HKG
Chad,Africa,1984,6921,TCD
Ecuador,Americas,1984,6979,ECU
Gabon,Africa,1984,7234,GAB
Finland,Europe,1984,729,FIN
New Caledonia,Western Pacific,1984,79,NCL
Malaysia,Western Pacific,1984,8147,MYS
Netherlands (Kingdom of the),Europe,1984,82,NLD
Fiji,Western Pacific,1984,827,FJI
Qatar,Eastern Mediterranean,1984,886,QAT
Lao People's Democratic Republic,Western Pacific,1984,924,LAO
Botswana,Africa,1984,9249,BWA
Oman,Eastern Mediterranean,1984,9652,OMN
France,Europe,1984,978,FRA
Paraguay,Americas,1984,979,PRY
Hungary,Europe,1984,98,HUN
Ethiopia,Africa,1984,9843,ETH
Papua New Guinea,Western Pacific,1984,9874,PNG
American Samoa,Western Pacific,1983,0,ASM
Anguilla,Americas,1983,0,AIA
Comoros,Africa,1983,0,COM
Democratic People's Republic of Korea,South-East Asia,1983,0,PRK
Kiribati,Western Pacific,1983,0,KIR
Maldives,South-East Asia,1983,0,MDV
Marshall Islands,Western Pacific,1983,0,MHL
Mauritius,Africa,1983,0,MUS
Monaco,Europe,1983,0,MCO
Montserrat,Americas,1983,0,MSR
Niue,Western Pacific,1983,0,NIU
Palau,Western Pacific,1983,0,PLW
Tuvalu,Western Pacific,1983,0,TUV
Bermuda,Americas,1983,1,BMU
Dominica,Americas,1983,1,DMA
Tokelau,Western Pacific,1983,1,TKL
Antigua and Barbuda,Americas,1983,10,ATG
Turks and Caicos Islands,Americas,1983,100,TCA
French Polynesia,Western Pacific,1983,1015,PYF
Lao People's Democratic Republic,Western Pacific,1983,1076,LAO
Belize,Americas,1983,11,BLZ
Nepal,South-East Asia,1983,1117,NPL
Nicaragua,Americas,1983,112,NIC
Jamaica,Americas,1983,1164,JAM
Honduras,Americas,1983,1168,HND
Hungary,Europe,1983,124,HUN
Paraguay,Americas,1983,1259,PRY
Israel,Europe,1983,129,ISR
Bhutan,South-East Asia,1983,1356,BTN
Gambia,Africa,1983,1372,GMB
Cabo Verde,Africa,1983,1385,CPV
Tunisia,Eastern Mediterranean,1983,1464,TUN
United States of America,Americas,1983,1497,USA
Central African Republic,Africa,1983,1564,CAF
Kuwait,Eastern Mediterranean,1983,1590,KWT
Albania,Europe,1983,17,ALB
Suriname,Americas,1983,17,SUR
New Caledonia,Western Pacific,1983,18,NCL
Uruguay,Americas,1983,18,URY
Cyprus,Europe,1983,183,CYP
Jordan,Eastern Mediterranean,1983,183,JOR
Mongolia,Western Pacific,1983,1935,MNG
Guyana,Americas,1983,20,GUY
Bolivia (Plurinational State of),Americas,1983,2034,BOL
Luxembourg,Europe,1983,21,LUX
United Arab Emirates,Eastern Mediterranean,1983,2105,ARE
Sao Tome and Principe,Africa,1983,216,STP
"China, Macao Special Administrative Region",Global,1983,231,MAC
Trinidad and Tobago,Americas,1983,2392,TTO
El Salvador,Americas,1983,2407,SLV
Ecuador,Americas,1983,2556,ECU
Lebanon,Eastern Mediterranean,1983,266,LBN
Seychelles,Africa,1983,267,SYC
Grenada,Americas,1983,268,GRD
Guatemala,Americas,1983,2762,GTM
Sudan,Eastern Mediterranean,1983,2806,SDN
Bahamas,Americas,1983,2868,BHS
Dominican Republic,Americas,1983,2960,DOM
Guam,Western Pacific,1983,3,GUM
Fiji,Western Pacific,1983,313,FJI
Guinea-Bissau,Africa,1983,3218,GNB
Bulgaria,Europe,1983,326,BGR
Eswatini,Africa,1983,3267,SWZ
Cuba,Americas,1983,3287,CUB
Mexico,Americas,1983,3368,MEX
Tonga,Western Pacific,1983,36,TON
Costa Rica,Americas,1983,39,CRI
Iceland,Europe,1983,39,ISL
Cook Islands,Western Pacific,1983,4,COK
Vanuatu,Western Pacific,1983,401,VUT
Gabon,Africa,1983,4324,GAB
Sierra Leone,Africa,1983,4327,SLE
Bahrain,Eastern Mediterranean,1983,438,BHR
Sweden,Europe,1983,4626,SWE
Indonesia,South-East Asia,1983,4670,IDN
Romania,Europe,1983,4723,ROU
Finland,Europe,1983,4751,FIN
Netherlands (Kingdom of the),Europe,1983,480,NLD
Liberia,Africa,1983,4835,LBR
Chad,Africa,1983,5160,TCD
Lesotho,Africa,1983,5239,LSO
Saint Kitts and Nevis,Americas,1983,556,KNA
Brunei Darussalam,Western Pacific,1983,558,BRN
Ethiopia,Africa,1983,5866,ETH
Panama,Americas,1983,595,PAN
Barbados,Americas,1983,6,BRB
British Virgin Islands,Americas,1983,6,VGB
Ireland,Europe,1983,6180,IRL
Norway,Europe,1983,6181,NOR
Malta,Europe,1983,620,MLT
Somalia,Eastern Mediterranean,1983,622,SOM
Saint Vincent and the Grenadines,Americas,1983,63,VCT
Wallis and Futuna Islands,Western Pacific,1983,65,WLF
Botswana,Africa,1983,6542,BWA
Chile,Americas,1983,6752,CHL
Singapore,Western Pacific,1983,677,SGP
Republic of Korea,Western Pacific,1983,695,KOR
Samoa,Western Pacific,1983,7,WSM
Saint Lucia,Americas,1983,71,LCA
Argentina,Americas,1983,7106,ARG
Cote d'Ivoire,Africa,1983,7139,CIV
Japan,Western Pacific,1983,7281,JPN
Peru,Americas,1983,7619,PER
Egypt,Eastern Mediterranean,1983,813,EGY
Qatar,Eastern Mediterranean,1983,816,QAT
Sri Lanka,South-East Asia,1983,8171,LKA
Haiti,Americas,1983,869,HTI
France,Europe,1983,870,FRA
Mali,Africa,1983,8759,MLI
Syrian Arab Republic,Eastern Mediterranean,1983,879,SYR
Guinea,Africa,1983,8856,GIN
"China, Hong Kong Special Administrative Region",Global,1983,888,HKG
Cayman Islands,Americas,1983,9,CYM
Oman,Eastern Mediterranean,1983,9151,OMN
Solomon Islands,Western Pacific,1983,923,SLB
Malaysia,Western Pacific,1983,9313,MYS
Canada,Americas,1983,934,CAN
Bangladesh,South-East Asia,1983,9569,BGD
Germany,Europe,1983,9798,DEU
Libya,Eastern Mediterranean,1983,996,LBY
Antigua and Barbuda,Americas,1982,0,ATG
Cayman Islands,Americas,1982,0,CYM
"China, Macao Special Administrative Region",Global,1982,0,MAC
Comoros,Africa,1982,0,COM
Democratic People's Republic of Korea,South-East Asia,1982,0,PRK
Maldives,South-East Asia,1982,0,MDV
Marshall Islands,Western Pacific,1982,0,MHL
Monaco,Europe,1982,0,MCO
Montserrat,Americas,1982,0,MSR
Niue,Western Pacific,1982,0,NIU
Palau,Western Pacific,1982,0,PLW
Tokelau,Western Pacific,1982,0,TKL
Anguilla,Americas,1982,1,AIA
British Virgin Islands,Americas,1982,1,VGB
Nauru,Western Pacific,1982,1,NRU
Canada,Americas,1982,1064,CAN
Haiti,Americas,1982,1064,HTI
Kiribati,Western Pacific,1982,11,KIR
Bahrain,Eastern Mediterranean,1982,1147,BHR
French Polynesia,Western Pacific,1982,1187,PYF
Chad,Africa,1982,1223,TCD
Nepal,South-East Asia,1982,1268,NPL
Cabo Verde,Africa,1982,1282,CPV
Trinidad and Tobago,Americas,1982,1284,TTO
Uruguay,Americas,1982,135,URY
Saint Kitts and Nevis,Americas,1982,138,KNA
Cook Islands,Western Pacific,1982,14,COK
Iceland,Europe,1982,14,ISL
New Caledonia,Western Pacific,1982,1448,NCL
Botswana,Africa,1982,1512,BWA
Malta,Europe,1982,1530,MLT
Gambia,Africa,1982,1566,GMB
Jordan,Eastern Mediterranean,1982,1594,JOR
Guinea-Bissau,Africa,1982,1613,GNB
Ecuador,Americas,1982,1647,ECU
Costa Rica,Americas,1982,167,CRI
United Arab Emirates,Eastern Mediterranean,1982,1691,ARE
Grenada,Americas,1982,1713,GRD
United States of America,Americas,1982,1714,USA
Gabon,Africa,1982,1747,GAB
Tunisia,Eastern Mediterranean,1982,1828,TUN
"China, Hong Kong Special Administrative Region",Global,1982,1863,HKG
Bhutan,South-East Asia,1982,1868,BTN
Ireland,Europe,1982,1897,IRL
Tonga,Western Pacific,1982,19,TON
Singapore,Western Pacific,1982,1965,SGP
American Samoa,Western Pacific,1982,2,ASM
Dominica,Americas,1982,2,DMA
Bermuda,Americas,1982,20,BMU
Tuvalu,Western Pacific,1982,20,TUV
Germany,Europe,1982,2029,DEU
Saint Lucia,Americas,1982,2039,LCA
Mongolia,Western Pacific,1982,209,MNG
Nicaragua,Americas,1982,226,NIC
Brunei Darussalam,Western Pacific,1982,243,BRN
Luxembourg,Europe,1982,243,LUX
Honduras,Americas,1982,2446,HND
Hungary,Europe,1982,2521,HUN
Central African Republic,Africa,1982,2563,CAF
Cyprus,Europe,1982,27,CYP
Samoa,Western Pacific,1982,28,WSM
Bulgaria,Europe,1982,281,BGR
Jamaica,Americas,1982,2815,JAM
Albania,Europe,1982,3,ALB
Sao Tome and Principe,Africa,1982,3,STP
Turks and Caicos Islands,Americas,1982,3,TCA
Djibouti,Eastern Mediterranean,1982,31,DJI
Solomon Islands,Western Pacific,1982,3331,SLB
Greece,Europe,1982,3417,GRC
Seychelles,Africa,1982,347,SYC
El Salvador,Americas,1982,3664,SLV
Dominican Republic,Americas,1982,3671,DOM
Lao People's Democratic Republic,Western Pacific,1982,383,LAO
Guatemala,Americas,1982,3992,GTM
Mauritius,Africa,1982,4,MUS
Panama,Americas,1982,4014,PAN
Guyana,Americas,1982,41,GUY
Sierra Leone,Africa,1982,4102,SLE
Argentina,Americas,1982,4432,ARG
Zimbabwe,Africa,1982,4941,ZWE
Bahamas,Americas,1982,50,BHS
Qatar,Eastern Mediterranean,1982,506,QAT
Paraguay,Americas,1982,531,PRY
Finland,Europe,1982,5402,FIN
Kuwait,Eastern Mediterranean,1982,586,KWT
Barbados,Americas,1982,6,BRB
Belize,Americas,1982,6,BLZ
Sweden,Europe,1982,6223,SWE
Mexico,Americas,1982,6364,MEX
Suriname,Americas,1982,647,SUR
Japan,Western Pacific,1982,6716,JPN
Mauritania,Africa,1982,6743,MRT
Republic of Korea,Western Pacific,1982,6776,KOR
Liberia,Africa,1982,6873,LBR
Lesotho,Africa,1982,6941,LSO
Bolivia (Plurinational State of),Americas,1982,720,BOL
Egypt,Eastern Mediterranean,1982,7365,EGY
Saint Vincent and the Grenadines,Americas,1982,757,VCT
Poland,Europe,1982,7620,POL
Israel,Europe,1982,7864,ISR
Syrian Arab Republic,Eastern Mediterranean,1982,800,SYR
France,Europe,1982,812,FRA
Vanuatu,Western Pacific,1982,832,VUT
Wallis and Futuna Islands,Western Pacific,1982,87,WLF
Türkiye,Europe,1982,8778,TUR
Guam,Western Pacific,1982,9,GUM
Fiji,Western Pacific,1982,902,FJI
Eswatini,Africa,1982,9185,SWZ
Malaysia,Western Pacific,1982,9268,MYS
Colombia,Americas,1982,9273,COL
Libya,Eastern Mediterranean,1982,928,LBY
Chile,Americas,1982,9438,CHL
Netherlands (Kingdom of the),Europe,1982,95,NLD
Anguilla,Americas,1981,0,AIA
British Virgin Islands,Americas,1981,0,VGB
Comoros,Africa,1981,0,COM
Democratic People's Republic of Korea,South-East Asia,1981,0,PRK
Marshall Islands,Western Pacific,1981,0,MHL
Mauritius,Africa,1981,0,MUS
Nauru,Western Pacific,1981,0,NRU
Palau,Western Pacific,1981,0,PLW
Tokelau,Western Pacific,1981,0,TKL
Fiji,Western Pacific,1981,1003,FJI
Ireland,Europe,1981,1075,IRL
Bhutan,South-East Asia,1981,1102,BTN
France,Europe,1981,1132,FRA
Jordan,Eastern Mediterranean,1981,1174,JOR
Monaco,Europe,1981,12,MCO
Malta,Europe,1981,121,MLT
French Polynesia,Western Pacific,1981,1281,PYF
Saint Lucia,Americas,1981,134,LCA
Greece,Europe,1981,1389,GRC
Maldives,South-East Asia,1981,1479,MDV
Qatar,Eastern Mediterranean,1981,1489,QAT
Cabo Verde,Africa,1981,150,CPV
Libya,Eastern Mediterranean,1981,1570,LBY
Turks and Caicos Islands,Americas,1981,16,TCA
Costa Rica,Americas,1981,170,CRI
Syrian Arab Republic,Eastern Mediterranean,1981,1729,SYR
Egypt,Eastern Mediterranean,1981,1777,EGY
Wallis and Futuna Islands,Western Pacific,1981,18,WLF
Belize,Americas,1981,186,BLZ
Tonga,Western Pacific,1981,187,TON
Saint Vincent and the Grenadines,Americas,1981,19,VCT
Sao Tome and Principe,Africa,1981,194,STP
Cayman Islands,Americas,1981,2,CYM
Niue,Western Pacific,1981,2,NIU
Guinea-Bissau,Africa,1981,2096,GNB
Solomon Islands,Western Pacific,1981,2104,SLB
Luxembourg,Europe,1981,214,LUX
Botswana,Africa,1981,2157,BWA
Nicaragua,Americas,1981,224,NIC
Israel,Europe,1981,228,ISR
Gabon,Africa,1981,2306,GAB
Canada,Americas,1981,2307,CAN
Republic of Korea,Western Pacific,1981,2307,KOR
Iceland,Europe,1981,24,ISL
Antigua and Barbuda,Americas,1981,247,ATG
"China, Hong Kong Special Administrative Region",Global,1981,249,HKG
Haiti,Americas,1981,2502,HTI
Nepal,South-East Asia,1981,254,NPL
Eswatini,Africa,1981,2592,SWZ
Kuwait,Eastern Mediterranean,1981,2595,KWT
Gambia,Africa,1981,262,GMB
Dominica,Americas,1981,27,DMA
United Arab Emirates,Eastern Mediterranean,1981,2820,ARE
American Samoa,Western Pacific,1981,3,ASM
Cyprus,Europe,1981,3,CYP
Lebanon,Eastern Mediterranean,1981,3,LBN
Tuvalu,Western Pacific,1981,3,TUV
Tunisia,Eastern Mediterranean,1981,3007,TUN
United States of America,Americas,1981,3124,USA
Bahrain,Eastern Mediterranean,1981,329,BHR
Sierra Leone,Africa,1981,3408,SLE
Dominican Republic,Americas,1981,3410,DOM
Guatemala,Americas,1981,3472,GTM
Sweden,Europe,1981,3540,SWE
Chad,Africa,1981,36,TCD
Trinidad and Tobago,Americas,1981,3601,TTO
Finland,Europe,1981,3813,FIN
Central African Republic,Africa,1981,3820,CAF
Bermuda,Americas,1981,4,BMU
Seychelles,Africa,1981,4,SYC
Barbados,Americas,1981,41,BRB
Paraguay,Americas,1981,428,PRY
Panama,Americas,1981,4332,PAN
Bahamas,Americas,1981,45,BHS
Vanuatu,Western Pacific,1981,45,VUT
Djibouti,Eastern Mediterranean,1981,4533,DJI
Norway,Europe,1981,4586,NOR
Ecuador,Americas,1981,4678,ECU
Zimbabwe,Africa,1981,4995,ZWE
Montserrat,Americas,1981,5,MSR
Saint Kitts and Nevis,Americas,1981,52,KNA
Jamaica,Americas,1981,5266,JAM
Germany,Europe,1981,5290,DEU
Malaysia,Western Pacific,1981,5690,MYS
Cook Islands,Western Pacific,1981,57,COK
Honduras,Americas,1981,5857,HND
Guam,Western Pacific,1981,6,GUM
Sri Lanka,South-East Asia,1981,6232,LKA
Chile,Americas,1981,6527,CHL
Mongolia,Western Pacific,1981,695,MNG
Guyana,Americas,1981,7,GUY
Kiribati,Western Pacific,1981,70,KIR
Suriname,Americas,1981,716,SUR
Samoa,Western Pacific,1981,72,WSM
Lesotho,Africa,1981,7624,LSO
Bolivia (Plurinational State of),Americas,1981,7654,BOL
Netherlands (Kingdom of the),Europe,1981,77,NLD
New Caledonia,Western Pacific,1981,77,NCL
Singapore,Western Pacific,1981,771,SGP
Brunei Darussalam,Western Pacific,1981,775,BRN
Liberia,Africa,1981,7810,LBR
Mali,Africa,1981,8413,MLI
Mauritania,Africa,1981,8658,MRT
"China, Macao Special Administrative Region",Global,1981,9,MAC
Grenada,Americas,1981,9,GRD
Bulgaria,Europe,1981,9239,BGR
Congo,Africa,1981,9668,COG
Ethiopia,Africa,1981,9784,ETH
Anguilla,Americas,1980,0,AIA
Cyprus,Europe,1980,0,CYP
Democratic People's Republic of Korea,South-East Asia,1980,0,PRK
Dominica,Americas,1980,0,DMA
Marshall Islands,Western Pacific,1980,0,MHL
Palau,Western Pacific,1980,0,PLW
Tokelau,Western Pacific,1980,0,TKL
Nauru,Western Pacific,1980,10,NRU
Costa Rica,Americas,1980,1000,CRI
Ireland,Europe,1980,1106,IRL
Hungary,Europe,1980,1198,HUN
France,Europe,1980,1244,FRA
Cabo Verde,Africa,1980,1279,CPV
Iceland,Europe,1980,13,ISL
Norway,Europe,1980,1322,NOR
Guinea-Bissau,Africa,1980,1332,GNB
Lao People's Democratic Republic,Western Pacific,1980,1380,LAO
Kuwait,Eastern Mediterranean,1980,1382,KWT
Malta,Europe,1980,14,MLT
Uruguay,Americas,1980,141,URY
Syrian Arab Republic,Eastern Mediterranean,1980,1478,SYR
Libya,Eastern Mediterranean,1980,1547,LBY
American Samoa,Western Pacific,1980,16,ASM
Gabon,Africa,1980,1641,GAB
Bhutan,South-East Asia,1980,1642,BTN
"China, Hong Kong Special Administrative Region",Global,1980,1669,HKG
Kiribati,Western Pacific,1980,170,KIR
Netherlands (Kingdom of the),Europe,1980,178,NLD
Sweden,Europe,1980,1786,SWE
Comoros,Africa,1980,1801,COM
Bahrain,Eastern Mediterranean,1980,1861,BHR
British Virgin Islands,Americas,1980,20,VGB
Panama,Americas,1980,2096,PAN
Finland,Europe,1980,2147,FIN
Israel,Europe,1980,215,ISR
Bermuda,Americas,1980,22,BMU
Niue,Western Pacific,1980,22,NIU
Tunisia,Eastern Mediterranean,1980,225,TUN
Antigua and Barbuda,Americas,1980,2291,ATG
El Salvador,Americas,1980,2315,SLV
Tonga,Western Pacific,1980,2336,TON
Suriname,Americas,1980,254,SUR
Saint Vincent and the Grenadines,Americas,1980,257,VCT
Barbados,Americas,1980,27,BRB
Guatemala,Americas,1980,2703,GTM
Ecuador,Americas,1980,2722,ECU
United Arab Emirates,Eastern Mediterranean,1980,2796,ARE
Gambia,Africa,1980,284,GMB
Montserrat,Americas,1980,3,MSR
Seychelles,Africa,1980,3,SYC
Saint Kitts and Nevis,Americas,1980,305,KNA
Solomon Islands,Western Pacific,1980,340,SLB
Wallis and Futuna Islands,Western Pacific,1980,342,WLF
Mauritius,Africa,1980,35,MUS
Saint Lucia,Americas,1980,35,LCA
Jamaica,Americas,1980,36,JAM
Sierra Leone,Africa,1980,3625,SLE
Cook Islands,Western Pacific,1980,363,COK
Samoa,Western Pacific,1980,376,WSM
Nicaragua,Americas,1980,3784,NIC
French Polynesia,Western Pacific,1980,379,PYF
Trinidad and Tobago,Americas,1980,384,TTO
Chile,Americas,1980,3844,CHL
Vanuatu,Western Pacific,1980,39,VUT
Qatar,Eastern Mediterranean,1980,392,QAT
Cuba,Americas,1980,3924,CUB
Turks and Caicos Islands,Americas,1980,4,TCA
Botswana,Africa,1980,4091,BWA
Bolivia (Plurinational State of),Americas,1980,4181,BOL
Honduras,Americas,1980,4188,HND
Guyana,Americas,1980,464,GUY
Bahamas,Americas,1980,484,BHS
Brunei Darussalam,Western Pacific,1980,485,BRN
Sri Lanka,South-East Asia,1980,5032,LKA
Haiti,Americas,1980,507,HTI
Tuvalu,Western Pacific,1980,509,TUV
Republic of Korea,Western Pacific,1980,5097,KOR
Sao Tome and Principe,Africa,1980,519,STP
Grenada,Americas,1980,53,GRD
Mongolia,Western Pacific,1980,5338,MNG
Jordan,Eastern Mediterranean,1980,552,JOR
Nepal,South-East Asia,1980,561,NPL
Belize,Americas,1980,607,BLZ
Luxembourg,Europe,1980,63,LUX
Liberia,Africa,1980,6567,LBR
Guam,Western Pacific,1980,7,GUM
"China, Macao Special Administrative Region",Global,1980,73,MAC
Paraguay,Americas,1980,745,PRY
Cote d'Ivoire,Africa,1980,7633,CIV
Lesotho,Africa,1980,7935,LSO
New Caledonia,Western Pacific,1980,800,NCL
Central African Republic,Africa,1980,8280,CAF
Egypt,Eastern Mediterranean,1980,839,EGY
Guinea,Africa,1980,8552,GIN
Türkiye,Europe,1980,8618,TUR
Malaysia,Western Pacific,1980,8727,MYS
Cayman Islands,Americas,1980,9,CYM
Fiji,Western Pacific,1980,913,FJI
Colombia,Americas,1980,9222,COL
Venezuela (Bolivarian Republic of),Americas,1980,9750,VEN
Dominican Republic,Americas,1980,9760,DOM
Comoros,Africa,1979,0,COM
Democratic People's Republic of Korea,South-East Asia,1979,0,PRK
Kiribati,Western Pacific,1979,0,KIR
Marshall Islands,Western Pacific,1979,0,MHL
Nauru,Western Pacific,1979,0,NRU
Palau,Western Pacific,1979,0,PLW
Suriname,Americas,1979,0,SUR
Tokelau,Western Pacific,1979,0,TKL
Turks and Caicos Islands,Americas,1979,0,TCA
Wallis and Futuna Islands,Western Pacific,1979,0,WLF
British Virgin Islands,Americas,1979,10,VGB
Nepal,South-East Asia,1979,1025,NPL
Djibouti,Eastern Mediterranean,1979,1120,DJI
Haiti,Americas,1979,1143,HTI
Luxembourg,Europe,1979,121,LUX
Jordan,Eastern Mediterranean,1979,1212,JOR
Uruguay,Americas,1979,1226,URY
Nicaragua,Americas,1979,1270,NIC
Bermuda,Americas,1979,13,BMU
Guam,Western Pacific,1979,13,GUM
Paraguay,Americas,1979,1309,PRY
Maldives,South-East Asia,1979,1524,MDV
Barbados,Americas,1979,16,BRB
France,Europe,1979,1603,FRA
United Arab Emirates,Eastern Mediterranean,1979,1616,ARE
Fiji,Western Pacific,1979,1621,FJI
Bahamas,Americas,1979,1659,BHS
Syrian Arab Republic,Eastern Mediterranean,1979,1664,SYR
Ireland,Europe,1979,1668,IRL
Dominica,Americas,1979,178,DMA
Bahrain,Eastern Mediterranean,1979,1781,BHR
"China, Hong Kong Special Administrative Region",Global,1979,1929,HKG
Niue,Western Pacific,1979,2,NIU
Seychelles,Africa,1979,2,SYC
Kuwait,Eastern Mediterranean,1979,2086,KWT
Germany,Europe,1979,2128,DEU
Hungary,Europe,1979,216,HUN
Finland,Europe,1979,2396,FIN
Brunei Darussalam,Western Pacific,1979,249,BRN
Bulgaria,Europe,1979,249,BGR
Republic of Korea,Western Pacific,1979,2533,KOR
Belize,Americas,1979,255,BLZ
Uganda,Africa,1979,2571,UGA
Anguilla,Americas,1979,259,AIA
Gambia,Africa,1979,2610,GMB
Norway,Europe,1979,2724,NOR
Cayman Islands,Americas,1979,274,CYM
Libya,Eastern Mediterranean,1979,2879,LBY
American Samoa,Western Pacific,1979,3,ASM
Grenada,Americas,1979,3,GRD
Montserrat,Americas,1979,3,MSR
Malta,Europe,1979,30,MLT
Cabo Verde,Africa,1979,306,CPV
Chad,Africa,1979,306,TCD
French Polynesia,Western Pacific,1979,311,PYF
Gabon,Africa,1979,3172,GAB
Iceland,Europe,1979,32,ISL
Liberia,Africa,1979,3243,LBR
Guatemala,Americas,1979,3351,GTM
Guinea-Bissau,Africa,1979,3478,GNB
Tunisia,Eastern Mediterranean,1979,351,TUN
Mongolia,Western Pacific,1979,355,MNG
Sao Tome and Principe,Africa,1979,362,STP
Solomon Islands,Western Pacific,1979,39,SLB
Trinidad and Tobago,Americas,1979,394,TTO
Cyprus,Europe,1979,4,CYP
Saint Vincent and the Grenadines,Americas,1979,40,VCT
Qatar,Eastern Mediterranean,1979,402,QAT
"China, Macao Special Administrative Region",Global,1979,41,MAC
Sierra Leone,Africa,1979,4102,SLE
South Africa,Africa,1979,4115,ZAF
Ecuador,Americas,1979,4206,ECU
Panama,Americas,1979,4350,PAN
Egypt,Eastern Mediterranean,1979,4763,EGY
Honduras,Americas,1979,4895,HND
Tonga,Western Pacific,1979,523,TON
Antigua and Barbuda,Americas,1979,534,ATG
Israel,Europe,1979,553,ISR
Netherlands (Kingdom of the),Europe,1979,56,NLD
Bolivia (Plurinational State of),Americas,1979,5802,BOL
Sri Lanka,South-East Asia,1979,6126,LKA
Guinea,Africa,1979,6236,GIN
Malaysia,Western Pacific,1979,6352,MYS
Samoa,Western Pacific,1979,68,WSM
Costa Rica,Americas,1979,6883,CRI
Vanuatu,Western Pacific,1979,7,VUT
Cuba,Americas,1979,7512,CUB
Greece,Europe,1979,7822,GRC
New Caledonia,Western Pacific,1979,794,NCL
Cook Islands,Western Pacific,1979,8,COK
Jamaica,Americas,1979,82,JAM
Botswana,Africa,1979,8556,BWA
Saint Kitts and Nevis,Americas,1979,856,KNA
Sweden,Europe,1979,8668,SWE
Lesotho,Africa,1979,8753,LSO
Cote d'Ivoire,Africa,1979,8840,CIV
Zimbabwe,Africa,1979,8849,ZWE
Bhutan,South-East Asia,1979,894,BTN
Dominican Republic,Americas,1979,8944,DOM
Saint Lucia,Americas,1979,9,LCA
Indonesia,South-East Asia,1979,903,IDN
Guyana,Americas,1979,910,GUY
Central African Republic,Africa,1979,9104,CAF
Mauritania,Africa,1979,9382,MRT
Papua New Guinea,Western Pacific,1979,9394,PNG
Tuvalu,Western Pacific,1979,94,TUV
Argentina,Americas,1979,9985,ARG
British Virgin Islands,Americas,1978,0,VGB
Comoros,Africa,1978,0,COM
Democratic People's Republic of Korea,South-East Asia,1978,0,PRK
Dominica,Americas,1978,0,DMA
Marshall Islands,Western Pacific,1978,0,MHL
Niue,Western Pacific,1978,0,NIU
Palau,Western Pacific,1978,0,PLW
Saint Vincent and the Grenadines,Americas,1978,0,VCT
Suriname,Americas,1978,0,SUR
Tokelau,Western Pacific,1978,0,TKL
Tuvalu,Western Pacific,1978,0,TUV
Antigua and Barbuda,Americas,1978,10,ATG
Turks and Caicos Islands,Americas,1978,10,TCA
Samoa,Western Pacific,1978,1026,WSM
Syrian Arab Republic,Eastern Mediterranean,1978,1062,SYR
Guyana,Americas,1978,11,GUY
Egypt,Eastern Mediterranean,1978,1130,EGY
Netherlands (Kingdom of the),Europe,1978,133,NLD
Saint Lucia,Americas,1978,134,LCA
"China, Macao Special Administrative Region",Global,1978,135,MAC
Mongolia,Western Pacific,1978,138,MNG
Sierra Leone,Africa,1978,151,SLE
Kuwait,Eastern Mediterranean,1978,1560,KWT
Libya,Eastern Mediterranean,1978,1560,LBY
Ireland,Europe,1978,1585,IRL
Nicaragua,Americas,1978,161,NIC
El Salvador,Americas,1978,1621,SLV
Gambia,Africa,1978,1655,GMB
Bahrain,Eastern Mediterranean,1978,1660,BHR
Tonga,Western Pacific,1978,17,TON
Sao Tome and Principe,Africa,1978,186,STP
Grenada,Americas,1978,197,GRD
United Arab Emirates,Eastern Mediterranean,1978,1973,ARE
France,Europe,1978,2026,FRA
Chad,Africa,1978,2033,TCD
Lao People's Democratic Republic,Western Pacific,1978,208,LAO
Brunei Darussalam,Western Pacific,1978,2138,BRN
Belize,Americas,1978,216,BLZ
Greece,Europe,1978,2169,GRC
Guatemala,Americas,1978,2178,GTM
Bahamas,Americas,1978,222,BHS
Finland,Europe,1978,2325,FIN
Panama,Americas,1978,2346,PAN
"China, Hong Kong Special Administrative Region",Global,1978,240,HKG
Iceland,Europe,1978,240,ISL
Botswana,Africa,1978,2483,BWA
Tunisia,Eastern Mediterranean,1978,250,TUN
Cabo Verde,Africa,1978,261,CPV
Luxembourg,Europe,1978,263,LUX
New Caledonia,Western Pacific,1978,265,NCL
Kiribati,Western Pacific,1978,2683,KIR
Cook Islands,Western Pacific,1978,28,COK
Guam,Western Pacific,1978,28,GUM
Haiti,Americas,1978,280,HTI
French Polynesia,Western Pacific,1978,293,PYF
Montserrat,Americas,1978,3,MSR
Solomon Islands,Western Pacific,1978,3054,SLB
Mexico,Americas,1978,3078,MEX
American Samoa,Western Pacific,1978,31,ASM
Qatar,Eastern Mediterranean,1978,319,QAT
Nauru,Western Pacific,1978,33,NRU
Hungary,Europe,1978,334,HUN
Malta,Europe,1978,3348,MLT
Bolivia (Plurinational State of),Americas,1978,3363,BOL
Peru,Americas,1978,3386,PER
Barbados,Americas,1978,35,BRB
Guinea-Bissau,Africa,1978,351,GNB
Costa Rica,Americas,1978,361,CRI
Liberia,Africa,1978,3705,LBR
Vanuatu,Western Pacific,1978,378,VUT
Anguilla,Americas,1978,4,AIA
Israel,Europe,1978,400,ISR
Guinea,Africa,1978,4061,GIN
Bulgaria,Europe,1978,423,BGR
Cayman Islands,Americas,1978,43,CYM
Bhutan,South-East Asia,1978,440,BTN
Fiji,Western Pacific,1978,441,FJI
Gabon,Africa,1978,4614,GAB
Paraguay,Americas,1978,487,PRY
Honduras,Americas,1978,5219,HND
Uruguay,Americas,1978,552,URY
Dominican Republic,Americas,1978,5796,DOM
Canada,Americas,1978,5858,CAN
Myanmar,South-East Asia,1978,5867,MMR
Zimbabwe,Africa,1978,6081,ZWE
Sri Lanka,South-East Asia,1978,6128,LKA
Republic of Korea,Western Pacific,1978,6149,KOR
Jordan,Eastern Mediterranean,1978,627,JOR
Lesotho,Africa,1978,6458,LSO
Indonesia,South-East Asia,1978,654,IDN
Mauritania,Africa,1978,6761,MRT
Sweden,Europe,1978,6908,SWE
Wallis and Futuna Islands,Western Pacific,1978,7,WLF
Malaysia,Western Pacific,1978,7233,MYS
Mozambique,Africa,1978,7457,MOZ
Yemen,Eastern Mediterranean,1978,7744,YEM
Trinidad and Tobago,Americas,1978,775,TTO
Somalia,Eastern Mediterranean,1978,79,SOM
Cyprus,Europe,1978,8,CYP
Papua New Guinea,Western Pacific,1978,8059,PNG
Djibouti,Eastern Mediterranean,1978,839,DJI
Jamaica,Americas,1978,845,JAM
Thailand,South-East Asia,1978,8502,THA
Nepal,South-East Asia,1978,854,NPL
Ecuador,Americas,1978,870,ECU
Central African Republic,Africa,1978,8800,CAF
Saint Kitts and Nevis,Americas,1978,9,KNA
Burkina Faso,Africa,1978,9213,BFA
Germany,Europe,1978,941,DEU
Argentina,Americas,1978,9551,ARG
Bermuda,Americas,1978,99,BMU
Anguilla,Americas,1977,0,AIA
British Virgin Islands,Americas,1977,0,VGB
Canada,Americas,1977,0,CAN
"China, Macao Special Administrative Region",Global,1977,0,MAC
Democratic People's Republic of Korea,South-East Asia,1977,0,PRK
Marshall Islands,Western Pacific,1977,0,MHL
New Zealand,Western Pacific,1977,0,NZL
Palau,Western Pacific,1977,0,PLW
Saint Lucia,Americas,1977,0,LCA
Seychelles,Africa,1977,0,SYC
Tokelau,Western Pacific,1977,0,TKL
Tuvalu,Western Pacific,1977,0,TUV
Niue,Western Pacific,1977,1,NIU
Saint Kitts and Nevis,Americas,1977,1,KNA
Bermuda,Americas,1977,10,BMU
United Arab Emirates,Eastern Mediterranean,1977,1056,ARE
Chile,Americas,1977,1062,CHL
Germany,Europe,1977,1067,DEU
Vanuatu,Western Pacific,1977,1133,VUT
Jordan,Eastern Mediterranean,1977,1170,JOR
Cyprus,Europe,1977,118,CYP
Bahrain,Eastern Mediterranean,1977,1263,BHR
Hungary,Europe,1977,130,HUN
Cook Islands,Western Pacific,1977,136,COK
Syrian Arab Republic,Eastern Mediterranean,1977,1492,SYR
Ireland,Europe,1977,1501,IRL
Lao People's Democratic Republic,Western Pacific,1977,153,LAO
"China, Hong Kong Special Administrative Region",Global,1977,1537,HKG
Grenada,Americas,1977,1542,GRD
Paraguay,Americas,1977,1596,PRY
Trinidad and Tobago,Americas,1977,1602,TTO
Barbados,Americas,1977,1711,BRB
Netherlands (Kingdom of the),Europe,1977,1812,NLD
Bahamas,Americas,1977,1831,BHS
Belize,Americas,1977,19,BLZ
Gambia,Africa,1977,1911,GMB
Cabo Verde,Africa,1977,204,CPV
Costa Rica,Americas,1977,2054,CRI
Guinea-Bissau,Africa,1977,209,GNB
France,Europe,1977,2106,FRA
Kuwait,Eastern Mediterranean,1977,2162,KWT
Fiji,Western Pacific,1977,2384,FJI
Guyana,Americas,1977,240,GUY
Samoa,Western Pacific,1977,240,WSM
Ecuador,Americas,1977,2438,ECU
Libya,Eastern Mediterranean,1977,2474,LBY
Honduras,Americas,1977,2538,HND
Panama,Americas,1977,2545,PAN
Singapore,Western Pacific,1977,255,SGP
Turks and Caicos Islands,Americas,1977,26,TCA
Guatemala,Americas,1977,2682,GTM
Comoros,Africa,1977,277,COM
Finland,Europe,1977,2837,FIN
Solomon Islands,Western Pacific,1977,2936,SLB
Iceland,Europe,1977,2994,ISL
Mongolia,Western Pacific,1977,3045,MNG
Nepal,South-East Asia,1977,307,NPL
Ethiopia,Africa,1977,3132,ETH
French Polynesia,Western Pacific,1977,3478,PYF
Liberia,Africa,1977,3588,LBR
Qatar,Eastern Mediterranean,1977,376,QAT
Egypt,Eastern Mediterranean,1977,3780,EGY
Antigua and Barbuda,Americas,1977,4,ATG
Luxembourg,Europe,1977,424,LUX
Central African Republic,Africa,1977,4382,CAF
Malta,Europe,1977,472,MLT
Wallis and Futuna Islands,Western Pacific,1977,48,WLF
Jamaica,Americas,1977,49,JAM
Republic of Korea,Western Pacific,1977,5064,KOR
Uruguay,Americas,1977,5178,URY
Sierra Leone,Africa,1977,534,SLE
American Samoa,Western Pacific,1977,56,ASM
Dominican Republic,Americas,1977,5707,DOM
Sri Lanka,South-East Asia,1977,5814,LKA
Guam,Western Pacific,1977,6,GUM
Gabon,Africa,1977,6130,GAB
Myanmar,South-East Asia,1977,6190,MMR
Pakistan,Eastern Mediterranean,1977,6571,PAK
Mauritania,Africa,1977,6701,MRT
Malaysia,Western Pacific,1977,6972,MYS
Papua New Guinea,Western Pacific,1977,7121,PNG
El Salvador,Americas,1977,7567,SLV
Kiribati,Western Pacific,1977,78,KIR
Sao Tome and Principe,Africa,1977,8,STP
Nauru,Western Pacific,1977,80,NRU
Guinea,Africa,1977,8045,GIN
Bulgaria,Europe,1977,806,BGR
Bolivia (Plurinational State of),Americas,1977,8194,BOL
Tonga,Western Pacific,1977,84,TON
Dominica,Americas,1977,85,DMA
Botswana,Africa,1977,8637,BWA
Thailand,South-East Asia,1977,8775,THA
Peru,Americas,1977,8827,PER
Israel,Europe,1977,89,ISR
Djibouti,Eastern Mediterranean,1977,899,DJI
Nicaragua,Americas,1977,901,NIC
Zimbabwe,Africa,1977,9026,ZWE
Haiti,Americas,1977,970,HTI
New Caledonia,Western Pacific,1977,982,NCL
Democratic People's Republic of Korea,South-East Asia,1976,0,PRK
Marshall Islands,Western Pacific,1976,0,MHL
New Zealand,Western Pacific,1976,0,NZL
Niue,Western Pacific,1976,0,NIU
Palau,Western Pacific,1976,0,PLW
Seychelles,Africa,1976,0,SYC
Singapore,Western Pacific,1976,0,SGP
Turks and Caicos Islands,Americas,1976,1,TCA
Tuvalu,Western Pacific,1976,1,TUV
Cook Islands,Western Pacific,1976,103,COK
Syrian Arab Republic,Eastern Mediterranean,1976,1054,SYR
American Samoa,Western Pacific,1976,11,ASM
Grenada,Americas,1976,111,GRD
Jamaica,Americas,1976,1206,JAM
Dominica,Americas,1976,122,DMA
Panama,Americas,1976,1317,PAN
Brunei Darussalam,Western Pacific,1976,133,BRN
Haiti,Americas,1976,1330,HTI
Paraguay,Americas,1976,1331,PRY
Belize,Americas,1976,1341,BLZ
Samoa,Western Pacific,1976,1348,WSM
Uruguay,Americas,1976,1356,URY
Nicaragua,Americas,1976,1368,NIC
Suriname,Americas,1976,143,SUR
"China, Hong Kong Special Administrative Region",Global,1976,1463,HKG
Wallis and Futuna Islands,Western Pacific,1976,155,WLF
Guam,Western Pacific,1976,16,GUM
Ireland,Europe,1976,1651,IRL
Lao People's Democratic Republic,Western Pacific,1976,166,LAO
Anguilla,Americas,1976,17,AIA
Costa Rica,Americas,1976,1774,CRI
Tokelau,Western Pacific,1976,1841,TKL
Libya,Eastern Mediterranean,1976,1863,LBY
Cyprus,Europe,1976,19,CYP
British Virgin Islands,Americas,1976,2,VGB
Egypt,Eastern Mediterranean,1976,2051,EGY
Fiji,Western Pacific,1976,212,FJI
Liberia,Africa,1976,2212,LBR
Nepal,South-East Asia,1976,225,NPL
Sao Tome and Principe,Africa,1976,24,STP
Vanuatu,Western Pacific,1976,24,VUT
Qatar,Eastern Mediterranean,1976,242,QAT
Hungary,Europe,1976,243,HUN
Eswatini,Africa,1976,2464,SWZ
Tonga,Western Pacific,1976,2487,TON
Netherlands (Kingdom of the),Europe,1976,2512,NLD
Chile,Americas,1976,2542,CHL
Ethiopia,Africa,1976,2586,ETH
Afghanistan,Eastern Mediterranean,1976,26,AFG
France,Europe,1976,2607,FRA
Barbados,Americas,1976,270,BRB
"China, Macao Special Administrative Region",Global,1976,274,MAC
Comoros,Africa,1976,277,COM
Gabon,Africa,1976,2963,GAB
Kiribati,Western Pacific,1976,3,KIR
Pakistan,Eastern Mediterranean,1976,3069,PAK
Norway,Europe,1976,3204,NOR
Guyana,Americas,1976,327,GUY
Guinea-Bissau,Africa,1976,334,GNB
Botswana,Africa,1976,3495,BWA
Iceland,Europe,1976,36,ISL
Lesotho,Africa,1976,3691,LSO
Germany,Europe,1976,3694,DEU
Guatemala,Americas,1976,3791,GTM
Malta,Europe,1976,38,MLT
French Polynesia,Western Pacific,1976,40,PYF
Luxembourg,Europe,1976,41,LUX
Honduras,Americas,1976,4206,HND
Cabo Verde,Africa,1976,440,CPV
Bahrain,Eastern Mediterranean,1976,4661,BHR
Sierra Leone,Africa,1976,474,SLE
Malaysia,Western Pacific,1976,4786,MYS
Angola,Africa,1976,5492,AGO
Thailand,South-East Asia,1976,5538,THA
Sri Lanka,South-East Asia,1976,5639,LKA
Guinea,Africa,1976,5852,GIN
Trinidad and Tobago,Americas,1976,589,TTO
Bermuda,Americas,1976,6,BMU
Zimbabwe,Africa,1976,6112,ZWE
Papua New Guinea,Western Pacific,1976,6135,PNG
Cayman Islands,Americas,1976,62,CYM
Bolivia (Plurinational State of),Americas,1976,6427,BOL
New Caledonia,Western Pacific,1976,664,NCL
Saint Vincent and the Grenadines,Americas,1976,7,VCT
Ecuador,Americas,1976,7009,ECU
Dominican Republic,Americas,1976,7225,DOM
El Salvador,Americas,1976,7227,SLV
Saint Lucia,Americas,1976,725,LCA
Cameroon,Africa,1976,7277,CMR
Israel,Europe,1976,73,ISR
Republic of Korea,Western Pacific,1976,7328,KOR
Myanmar,South-East Asia,1976,7674,MMR
Greece,Europe,1976,8027,GRC
Djibouti,Eastern Mediterranean,1976,825,DJI
Jordan,Eastern Mediterranean,1976,827,JOR
Gambia,Africa,1976,843,GMB
Finland,Europe,1976,8706,FIN
Mozambique,Africa,1976,8711,MOZ
Sweden,Europe,1976,8774,SWE
Yemen,Eastern Mediterranean,1976,8814,YEM
United Arab Emirates,Eastern Mediterranean,1976,897,ARE
Antigua and Barbuda,Americas,1976,9,ATG
Kuwait,Eastern Mediterranean,1976,907,KWT
Canada,Americas,1976,9158,CAN
Bahamas,Americas,1976,933,BHS
Benin,Africa,1976,9514,BEN
Indonesia,South-East Asia,1976,97,IDN
Peru,Americas,1976,9761,PER
Cyprus,Europe,1975,0,CYP
Democratic People's Republic of Korea,South-East Asia,1975,0,PRK
Kiribati,Western Pacific,1975,0,KIR
Marshall Islands,Western Pacific,1975,0,MHL
Palau,Western Pacific,1975,0,PLW
Tokelau,Western Pacific,1975,0,TKL
Tonga,Western Pacific,1975,0,TON
Tuvalu,Western Pacific,1975,0,TUV
Wallis and Futuna Islands,Western Pacific,1975,0,WLF
Dominica,Americas,1975,1,DMA
Bahrain,Eastern Mediterranean,1975,1009,BHR
Fiji,Western Pacific,1975,1026,FJI
Iceland,Europe,1975,11,ISL
Jordan,Eastern Mediterranean,1975,1116,JOR
British Virgin Islands,Americas,1975,12,VGB
Qatar,Eastern Mediterranean,1975,126,QAT
Vanuatu,Western Pacific,1975,129,VUT
Malaysia,Western Pacific,1975,1377,MYS
"China, Hong Kong Special Administrative Region",Global,1975,138,HKG
Bahamas,Americas,1975,14,BHS
Cayman Islands,Americas,1975,14,CYM
Paraguay,Americas,1975,140,PRY
Germany,Europe,1975,1493,DEU
Mexico,Americas,1975,1530,MEX
Libya,Eastern Mediterranean,1975,1561,LBY
Lao People's Democratic Republic,Western Pacific,1975,169,LAO
French Polynesia,Western Pacific,1975,17,PYF
France,Europe,1975,1813,FRA
Nicaragua,Americas,1975,1934,NIC
Kuwait,Eastern Mediterranean,1975,1982,KWT
Grenada,Americas,1975,2,GRD
Saint Vincent and the Grenadines,Americas,1975,202,VCT
Indonesia,South-East Asia,1975,205,IDN
Syrian Arab Republic,Eastern Mediterranean,1975,2057,SYR
Angola,Africa,1975,2153,AGO
New Caledonia,Western Pacific,1975,222,NCL
Chad,Africa,1975,2243,TCD
Bolivia (Plurinational State of),Americas,1975,2244,BOL
Malta,Europe,1975,23,MLT
Ecuador,Americas,1975,241,ECU
Trinidad and Tobago,Americas,1975,244,TTO
Panama,Americas,1975,245,PAN
Yemen,Eastern Mediterranean,1975,2564,YEM
Gambia,Africa,1975,2580,GMB
Luxembourg,Europe,1975,288,LUX
Ireland,Europe,1975,2957,IRL
Antigua and Barbuda,Americas,1975,3,ATG
Guatemala,Americas,1975,3007,GTM
Bangladesh,South-East Asia,1975,3030,BGD
Honduras,Americas,1975,3098,HND
Samoa,Western Pacific,1975,314,WSM
Guam,Western Pacific,1975,33,GUM
Finland,Europe,1975,3384,FIN
Thailand,South-East Asia,1975,3392,THA
Egypt,Eastern Mediterranean,1975,3492,EGY
Norway,Europe,1975,3636,NOR
Barbados,Americas,1975,382,BRB
United Arab Emirates,Eastern Mediterranean,1975,399,ARE
Niue,Western Pacific,1975,4,NIU
Papua New Guinea,Western Pacific,1975,4172,PNG
Dominican Republic,Americas,1975,4224,DOM
Belize,Americas,1975,429,BLZ
Myanmar,South-East Asia,1975,4326,MMR
American Samoa,Western Pacific,1975,445,ASM
Afghanistan,Eastern Mediterranean,1975,466,AFG
Israel,Europe,1975,4795,ISR
Djibouti,Eastern Mediterranean,1975,487,DJI
Republic of Korea,Western Pacific,1975,4973,KOR
"China, Macao Special Administrative Region",Global,1975,5,MAC
Sri Lanka,South-East Asia,1975,5000,LKA
El Salvador,Americas,1975,511,SLV
Ethiopia,Africa,1975,5157,ETH
Saint Lucia,Americas,1975,520,LCA
Uruguay,Americas,1975,5754,URY
Cook Islands,Western Pacific,1975,58,COK
Guyana,Americas,1975,58,GUY
Lesotho,Africa,1975,5806,LSO
Liberia,Africa,1975,591,LBR
Hungary,Europe,1975,638,HUN
Peru,Americas,1975,6749,PER
Uganda,Africa,1975,6802,UGA
Pakistan,Eastern Mediterranean,1975,6892,PAK
Singapore,Western Pacific,1975,7,SGP
Jamaica,Americas,1975,705,JAM
Haiti,Americas,1975,718,HTI
Costa Rica,Americas,1975,743,CRI
Guinea,Africa,1975,7536,GIN
Sweden,Europe,1975,7841,SWE
Chile,Americas,1975,8413,CHL
Bermuda,Americas,1975,848,BMU
Botswana,Africa,1975,8832,BWA
Algeria,Africa,1975,8899,DZA
Greece,Europe,1975,8931,GRC
Mauritania,Africa,1975,9501,MRT
Cayman Islands,Americas,1974,0,CYM
Democratic People's Republic of Korea,South-East Asia,1974,0,PRK
Marshall Islands,Western Pacific,1974,0,MHL
Palau,Western Pacific,1974,0,PLW
Saint Kitts and Nevis,Americas,1974,0,KNA
Suriname,Americas,1974,0,SUR
Saint Vincent and the Grenadines,Americas,1974,1,VCT
Jordan,Eastern Mediterranean,1974,1165,JOR
Sierra Leone,Africa,1974,1328,SLE
Antigua and Barbuda,Americas,1974,1388,ATG
Montserrat,Americas,1974,144,MSR
British Virgin Islands,Americas,1974,152,VGB
Indonesia,South-East Asia,1974,152,IDN
Yemen,Eastern Mediterranean,1974,1530,YEM
"China, Hong Kong Special Administrative Region",Global,1974,1575,HKG
Sri Lanka,South-East Asia,1974,1580,LKA
Dominica,Americas,1974,171,DMA
Luxembourg,Europe,1974,171,LUX
Comoros,Africa,1974,1876,COM
Fiji,Western Pacific,1974,1911,FJI
Syrian Arab Republic,Eastern Mediterranean,1974,1981,SYR
Singapore,Western Pacific,1974,2,SGP
Guam,Western Pacific,1974,20,GUM
Barbados,Americas,1974,200,BRB
Ireland,Europe,1974,2040,IRL
Qatar,Eastern Mediterranean,1974,215,QAT
Cyprus,Europe,1974,217,CYP
Trinidad and Tobago,Americas,1974,219,TTO
Lao People's Democratic Republic,Western Pacific,1974,22,LAO
Gabon,Africa,1974,2245,GAB
Bermuda,Americas,1974,23,BMU
Mexico,Americas,1974,2325,MEX
Honduras,Americas,1974,2346,HND
Myanmar,South-East Asia,1974,2350,MMR
Pakistan,Eastern Mediterranean,1974,2353,PAK
Cook Islands,Western Pacific,1974,26,COK
Paraguay,Americas,1974,2601,PRY
Guinea-Bissau,Africa,1974,273,GNB
Thailand,South-East Asia,1974,2739,THA
Kuwait,Eastern Mediterranean,1974,2870,KWT
Djibouti,Eastern Mediterranean,1974,298,DJI
Guyana,Americas,1974,314,GUY
Central African Republic,Africa,1974,3158,CAF
American Samoa,Western Pacific,1974,34,ASM
Tonga,Western Pacific,1974,34,TON
Uganda,Africa,1974,3643,UGA
Iceland,Europe,1974,37,ISL
Saint Lucia,Americas,1974,382,LCA
Ethiopia,Africa,1974,3821,ETH
Bahrain,Eastern Mediterranean,1974,3874,BHR
Ecuador,Americas,1974,3906,ECU
Germany,Europe,1974,400,DEU
Papua New Guinea,Western Pacific,1974,4141,PNG
Dominican Republic,Americas,1974,4148,DOM
Bahamas,Americas,1974,432,BHS
Mozambique,Africa,1974,445,MOZ
Uruguay,Americas,1974,4456,URY
El Salvador,Americas,1974,467,SLV
Sao Tome and Principe,Africa,1974,476,STP
Republic of Korea,Western Pacific,1974,4867,KOR
Panama,Americas,1974,508,PAN
Costa Rica,Americas,1974,512,CRI
France,Europe,1974,5235,FRA
Bolivia (Plurinational State of),Americas,1974,5318,BOL
Greece,Europe,1974,5357,GRC
Samoa,Western Pacific,1974,538,WSM
United Arab Emirates,Eastern Mediterranean,1974,555,ARE
Botswana,Africa,1974,5625,BWA
Angola,Africa,1974,5881,AGO
Lesotho,Africa,1974,5903,LSO
Liberia,Africa,1974,592,LBR
Jamaica,Americas,1974,595,JAM
Afghanistan,Eastern Mediterranean,1974,7,AFG
Chad,Africa,1974,7051,TCD
Libya,Eastern Mediterranean,1974,732,LBY
Sweden,Europe,1974,7464,SWE
Peru,Americas,1974,7687,PER
Malta,Europe,1974,784,MLT
Grenada,Americas,1974,79,GRD
Malaysia,Western Pacific,1974,7990,MYS
Belize,Americas,1974,8,BLZ
Haiti,Americas,1974,837,HTI
Nicaragua,Americas,1974,841,NIC
Israel,Europe,1974,871,ISR
Kiribati,Western Pacific,1974,9212,KIR
Guatemala,Americas,1974,926,GTM
New Caledonia,Western Pacific,1974,947,NCL
Gambia,Africa,1974,958,GMB
Mauritania,Africa,1974,9961,MRT
